,0
0,/wynton/group/sali/mhancock/xray/sample_bench/out/3ca7/51_16/3538030/output_443/pdbs/14.pdb
1,/wynton/group/sali/mhancock/xray/sample_bench/out/3ca7/51_16/3538030/output_191/pdbs/15.pdb
2,/wynton/group/sali/mhancock/xray/sample_bench/out/3ca7/51_16/3538030/output_191/pdbs/14.pdb
3,/wynton/group/sali/mhancock/xray/sample_bench/out/3ca7/51_16/3538030/output_5/pdbs/14.pdb
4,/wynton/group/sali/mhancock/xray/sample_bench/out/3ca7/51_16/3538030/output_191/pdbs/25.pdb
5,/wynton/group/sali/mhancock/xray/sample_bench/out/3ca7/51_16/3538030/output_5/pdbs/13.pdb
6,/wynton/group/sali/mhancock/xray/sample_bench/out/3ca7/51_16/3538030/output_191/pdbs/24.pdb
7,/wynton/group/sali/mhancock/xray/sample_bench/out/3ca7/51_16/3538030/output_561/pdbs/14.pdb
8,/wynton/group/sali/mhancock/xray/sample_bench/out/3ca7/51_16/3538030/output_902/pdbs/14.pdb
9,/wynton/group/sali/mhancock/xray/sample_bench/out/3ca7/51_16/3538030/output_561/pdbs/13.pdb
10,/wynton/group/sali/mhancock/xray/sample_bench/out/3ca7/51_16/3538030/output_230/pdbs/15.pdb
11,/wynton/group/sali/mhancock/xray/sample_bench/out/3ca7/51_16/3538030/output_978/pdbs/15.pdb
12,/wynton/group/sali/mhancock/xray/sample_bench/out/3ca7/51_16/3538030/output_191/pdbs/16.pdb
13,/wynton/group/sali/mhancock/xray/sample_bench/out/3ca7/51_16/3538030/output_191/pdbs/12.pdb
14,/wynton/group/sali/mhancock/xray/sample_bench/out/3ca7/51_16/3538030/output_191/pdbs/23.pdb
15,/wynton/group/sali/mhancock/xray/sample_bench/out/3ca7/51_16/3538030/output_191/pdbs/13.pdb
16,/wynton/group/sali/mhancock/xray/sample_bench/out/3ca7/51_16/3538030/output_443/pdbs/15.pdb
17,/wynton/group/sali/mhancock/xray/sample_bench/out/3ca7/51_16/3538030/output_5/pdbs/12.pdb
18,/wynton/group/sali/mhancock/xray/sample_bench/out/3ca7/51_16/3538030/output_230/pdbs/14.pdb
19,/wynton/group/sali/mhancock/xray/sample_bench/out/3ca7/51_16/3538030/output_792/pdbs/17.pdb
20,/wynton/group/sali/mhancock/xray/sample_bench/out/3ca7/51_16/3538030/output_561/pdbs/12.pdb
21,/wynton/group/sali/mhancock/xray/sample_bench/out/3ca7/51_16/3538030/output_191/pdbs/22.pdb
22,/wynton/group/sali/mhancock/xray/sample_bench/out/3ca7/51_16/3538030/output_978/pdbs/16.pdb
23,/wynton/group/sali/mhancock/xray/sample_bench/out/3ca7/51_16/3538030/output_191/pdbs/20.pdb
24,/wynton/group/sali/mhancock/xray/sample_bench/out/3ca7/51_16/3538030/output_5/pdbs/15.pdb
25,/wynton/group/sali/mhancock/xray/sample_bench/out/3ca7/51_16/3538030/output_191/pdbs/11.pdb
26,/wynton/group/sali/mhancock/xray/sample_bench/out/3ca7/51_16/3538030/output_191/pdbs/17.pdb
27,/wynton/group/sali/mhancock/xray/sample_bench/out/3ca7/51_16/3538030/output_792/pdbs/12.pdb
28,/wynton/group/sali/mhancock/xray/sample_bench/out/3ca7/51_16/3538030/output_191/pdbs/18.pdb
29,/wynton/group/sali/mhancock/xray/sample_bench/out/3ca7/51_16/3538030/output_792/pdbs/16.pdb
30,/wynton/group/sali/mhancock/xray/sample_bench/out/3ca7/51_16/3538030/output_191/pdbs/21.pdb
31,/wynton/group/sali/mhancock/xray/sample_bench/out/3ca7/51_16/3538030/output_902/pdbs/13.pdb
32,/wynton/group/sali/mhancock/xray/sample_bench/out/3ca7/51_16/3538030/output_846/pdbs/14.pdb
33,/wynton/group/sali/mhancock/xray/sample_bench/out/3ca7/51_16/3538030/output_708/pdbs/14.pdb
34,/wynton/group/sali/mhancock/xray/sample_bench/out/3ca7/51_16/3538030/output_443/pdbs/13.pdb
35,/wynton/group/sali/mhancock/xray/sample_bench/out/3ca7/51_16/3538030/output_191/pdbs/19.pdb
36,/wynton/group/sali/mhancock/xray/sample_bench/out/3ca7/51_16/3538030/output_681/pdbs/13.pdb
37,/wynton/group/sali/mhancock/xray/sample_bench/out/3ca7/51_16/3538030/output_681/pdbs/14.pdb
38,/wynton/group/sali/mhancock/xray/sample_bench/out/3ca7/51_16/3538030/output_978/pdbs/14.pdb
39,/wynton/group/sali/mhancock/xray/sample_bench/out/3ca7/51_16/3538030/output_792/pdbs/19.pdb
40,/wynton/group/sali/mhancock/xray/sample_bench/out/3ca7/51_16/3538030/output_859/pdbs/12.pdb
41,/wynton/group/sali/mhancock/xray/sample_bench/out/3ca7/51_16/3538030/output_191/pdbs/27.pdb
42,/wynton/group/sali/mhancock/xray/sample_bench/out/3ca7/51_16/3538030/output_814/pdbs/13.pdb
43,/wynton/group/sali/mhancock/xray/sample_bench/out/3ca7/51_16/3538030/output_191/pdbs/26.pdb
44,/wynton/group/sali/mhancock/xray/sample_bench/out/3ca7/51_16/3538030/output_580/pdbs/19.pdb
45,/wynton/group/sali/mhancock/xray/sample_bench/out/3ca7/51_16/3538030/output_792/pdbs/20.pdb
46,/wynton/group/sali/mhancock/xray/sample_bench/out/3ca7/51_16/3538030/output_575/pdbs/13.pdb
47,/wynton/group/sali/mhancock/xray/sample_bench/out/3ca7/51_16/3538030/output_45/pdbs/15.pdb
48,/wynton/group/sali/mhancock/xray/sample_bench/out/3ca7/51_16/3538030/output_945/pdbs/17.pdb
49,/wynton/group/sali/mhancock/xray/sample_bench/out/3ca7/51_16/3538030/output_792/pdbs/13.pdb
50,/wynton/group/sali/mhancock/xray/sample_bench/out/3ca7/51_16/3538030/output_792/pdbs/18.pdb
51,/wynton/group/sali/mhancock/xray/sample_bench/out/3ca7/51_16/3538030/output_554/pdbs/14.pdb
52,/wynton/group/sali/mhancock/xray/sample_bench/out/3ca7/51_16/3538030/output_278/pdbs/57.pdb
53,/wynton/group/sali/mhancock/xray/sample_bench/out/3ca7/51_16/3538030/output_278/pdbs/56.pdb
54,/wynton/group/sali/mhancock/xray/sample_bench/out/3ca7/51_16/3538030/output_230/pdbs/16.pdb
55,/wynton/group/sali/mhancock/xray/sample_bench/out/3ca7/51_16/3538030/output_191/pdbs/28.pdb
56,/wynton/group/sali/mhancock/xray/sample_bench/out/3ca7/51_16/3538030/output_792/pdbs/11.pdb
57,/wynton/group/sali/mhancock/xray/sample_bench/out/3ca7/51_16/3538030/output_792/pdbs/15.pdb
58,/wynton/group/sali/mhancock/xray/sample_bench/out/3ca7/51_16/3538030/output_902/pdbs/15.pdb
59,/wynton/group/sali/mhancock/xray/sample_bench/out/3ca7/51_16/3538030/output_153/pdbs/15.pdb
60,/wynton/group/sali/mhancock/xray/sample_bench/out/3ca7/51_16/3538030/output_45/pdbs/14.pdb
61,/wynton/group/sali/mhancock/xray/sample_bench/out/3ca7/51_16/3538030/output_561/pdbs/11.pdb
62,/wynton/group/sali/mhancock/xray/sample_bench/out/3ca7/51_16/3538030/output_505/pdbs/14.pdb
63,/wynton/group/sali/mhancock/xray/sample_bench/out/3ca7/51_16/3538030/output_505/pdbs/13.pdb
64,/wynton/group/sali/mhancock/xray/sample_bench/out/3ca7/51_16/3538030/output_846/pdbs/15.pdb
65,/wynton/group/sali/mhancock/xray/sample_bench/out/3ca7/51_16/3538030/output_107/pdbs/11.pdb
66,/wynton/group/sali/mhancock/xray/sample_bench/out/3ca7/51_16/3538030/output_763/pdbs/12.pdb
67,/wynton/group/sali/mhancock/xray/sample_bench/out/3ca7/51_16/3538030/output_750/pdbs/14.pdb
68,/wynton/group/sali/mhancock/xray/sample_bench/out/3ca7/51_16/3538030/output_784/pdbs/11.pdb
69,/wynton/group/sali/mhancock/xray/sample_bench/out/3ca7/51_16/3538030/output_829/pdbs/15.pdb
70,/wynton/group/sali/mhancock/xray/sample_bench/out/3ca7/51_16/3538030/output_240/pdbs/15.pdb
71,/wynton/group/sali/mhancock/xray/sample_bench/out/3ca7/51_16/3538030/output_829/pdbs/14.pdb
72,/wynton/group/sali/mhancock/xray/sample_bench/out/3ca7/51_16/3538030/output_76/pdbs/11.pdb
73,/wynton/group/sali/mhancock/xray/sample_bench/out/3ca7/51_16/3538030/output_561/pdbs/15.pdb
74,/wynton/group/sali/mhancock/xray/sample_bench/out/3ca7/51_16/3538030/output_945/pdbs/16.pdb
75,/wynton/group/sali/mhancock/xray/sample_bench/out/3ca7/51_16/3538030/output_155/pdbs/13.pdb
76,/wynton/group/sali/mhancock/xray/sample_bench/out/3ca7/51_16/3538030/output_763/pdbs/11.pdb
77,/wynton/group/sali/mhancock/xray/sample_bench/out/3ca7/51_16/3538030/output_598/pdbs/12.pdb
78,/wynton/group/sali/mhancock/xray/sample_bench/out/3ca7/51_16/3538030/output_654/pdbs/11.pdb
79,/wynton/group/sali/mhancock/xray/sample_bench/out/3ca7/51_16/3538030/output_325/pdbs/14.pdb
80,/wynton/group/sali/mhancock/xray/sample_bench/out/3ca7/51_16/3538030/output_155/pdbs/12.pdb
81,/wynton/group/sali/mhancock/xray/sample_bench/out/3ca7/51_16/3538030/output_5/pdbs/11.pdb
82,/wynton/group/sali/mhancock/xray/sample_bench/out/3ca7/51_16/3538030/output_846/pdbs/13.pdb
83,/wynton/group/sali/mhancock/xray/sample_bench/out/3ca7/51_16/3538030/output_842/pdbs/12.pdb
84,/wynton/group/sali/mhancock/xray/sample_bench/out/3ca7/51_16/3538030/output_191/pdbs/10.pdb
85,/wynton/group/sali/mhancock/xray/sample_bench/out/3ca7/51_16/3538030/output_402/pdbs/12.pdb
86,/wynton/group/sali/mhancock/xray/sample_bench/out/3ca7/51_16/3538030/output_107/pdbs/10.pdb
87,/wynton/group/sali/mhancock/xray/sample_bench/out/3ca7/51_16/3538030/output_859/pdbs/11.pdb
88,/wynton/group/sali/mhancock/xray/sample_bench/out/3ca7/51_16/3538030/output_244/pdbs/10.pdb
89,/wynton/group/sali/mhancock/xray/sample_bench/out/3ca7/51_16/3538030/output_53/pdbs/14.pdb
90,/wynton/group/sali/mhancock/xray/sample_bench/out/3ca7/51_16/3538030/output_575/pdbs/14.pdb
91,/wynton/group/sali/mhancock/xray/sample_bench/out/3ca7/51_16/3538030/output_278/pdbs/58.pdb
92,/wynton/group/sali/mhancock/xray/sample_bench/out/3ca7/51_16/3538030/output_81/pdbs/16.pdb
93,/wynton/group/sali/mhancock/xray/sample_bench/out/3ca7/51_16/3538030/output_690/pdbs/12.pdb
94,/wynton/group/sali/mhancock/xray/sample_bench/out/3ca7/51_16/3538030/output_53/pdbs/13.pdb
95,/wynton/group/sali/mhancock/xray/sample_bench/out/3ca7/51_16/3538030/output_82/pdbs/14.pdb
96,/wynton/group/sali/mhancock/xray/sample_bench/out/3ca7/51_16/3538030/output_869/pdbs/15.pdb
97,/wynton/group/sali/mhancock/xray/sample_bench/out/3ca7/51_16/3538030/output_925/pdbs/14.pdb
98,/wynton/group/sali/mhancock/xray/sample_bench/out/3ca7/51_16/3538030/output_925/pdbs/15.pdb
99,/wynton/group/sali/mhancock/xray/sample_bench/out/3ca7/51_16/3538030/output_598/pdbs/13.pdb
100,/wynton/group/sali/mhancock/xray/sample_bench/out/3ca7/51_16/3538030/output_12/pdbs/10.pdb
101,/wynton/group/sali/mhancock/xray/sample_bench/out/3ca7/51_16/3538030/output_120/pdbs/15.pdb
102,/wynton/group/sali/mhancock/xray/sample_bench/out/3ca7/51_16/3538030/output_158/pdbs/30.pdb
103,/wynton/group/sali/mhancock/xray/sample_bench/out/3ca7/51_16/3538030/output_690/pdbs/11.pdb
104,/wynton/group/sali/mhancock/xray/sample_bench/out/3ca7/51_16/3538030/output_750/pdbs/15.pdb
105,/wynton/group/sali/mhancock/xray/sample_bench/out/3ca7/51_16/3538030/output_792/pdbs/21.pdb
106,/wynton/group/sali/mhancock/xray/sample_bench/out/3ca7/51_16/3538030/output_305/pdbs/32.pdb
107,/wynton/group/sali/mhancock/xray/sample_bench/out/3ca7/51_16/3538030/output_781/pdbs/13.pdb
108,/wynton/group/sali/mhancock/xray/sample_bench/out/3ca7/51_16/3538030/output_128/pdbs/13.pdb
109,/wynton/group/sali/mhancock/xray/sample_bench/out/3ca7/51_16/3538030/output_620/pdbs/12.pdb
110,/wynton/group/sali/mhancock/xray/sample_bench/out/3ca7/51_16/3538030/output_152/pdbs/10.pdb
111,/wynton/group/sali/mhancock/xray/sample_bench/out/3ca7/51_16/3538030/output_326/pdbs/14.pdb
112,/wynton/group/sali/mhancock/xray/sample_bench/out/3ca7/51_16/3538030/output_191/pdbs/29.pdb
113,/wynton/group/sali/mhancock/xray/sample_bench/out/3ca7/51_16/3538030/output_570/pdbs/12.pdb
114,/wynton/group/sali/mhancock/xray/sample_bench/out/3ca7/51_16/3538030/output_609/pdbs/11.pdb
115,/wynton/group/sali/mhancock/xray/sample_bench/out/3ca7/51_16/3538030/output_12/pdbs/12.pdb
116,/wynton/group/sali/mhancock/xray/sample_bench/out/3ca7/51_16/3538030/output_781/pdbs/12.pdb
117,/wynton/group/sali/mhancock/xray/sample_bench/out/3ca7/51_16/3538030/output_81/pdbs/15.pdb
118,/wynton/group/sali/mhancock/xray/sample_bench/out/3ca7/51_16/3538030/output_45/pdbs/16.pdb
119,/wynton/group/sali/mhancock/xray/sample_bench/out/3ca7/51_16/3538030/output_767/pdbs/21.pdb
120,/wynton/group/sali/mhancock/xray/sample_bench/out/3ca7/51_16/3538030/output_82/pdbs/15.pdb
121,/wynton/group/sali/mhancock/xray/sample_bench/out/3ca7/51_16/3538030/output_278/pdbs/55.pdb
122,/wynton/group/sali/mhancock/xray/sample_bench/out/3ca7/51_16/3538030/output_681/pdbs/15.pdb
123,/wynton/group/sali/mhancock/xray/sample_bench/out/3ca7/51_16/3538030/output_505/pdbs/12.pdb
124,/wynton/group/sali/mhancock/xray/sample_bench/out/3ca7/51_16/3538030/output_311/pdbs/12.pdb
125,/wynton/group/sali/mhancock/xray/sample_bench/out/3ca7/51_16/3538030/output_767/pdbs/22.pdb
126,/wynton/group/sali/mhancock/xray/sample_bench/out/3ca7/51_16/3538030/output_649/pdbs/12.pdb
127,/wynton/group/sali/mhancock/xray/sample_bench/out/3ca7/51_16/3538030/output_939/pdbs/37.pdb
128,/wynton/group/sali/mhancock/xray/sample_bench/out/3ca7/51_16/3538030/output_845/pdbs/11.pdb
129,/wynton/group/sali/mhancock/xray/sample_bench/out/3ca7/51_16/3538030/output_243/pdbs/13.pdb
130,/wynton/group/sali/mhancock/xray/sample_bench/out/3ca7/51_16/3538030/output_530/pdbs/13.pdb
131,/wynton/group/sali/mhancock/xray/sample_bench/out/3ca7/51_16/3538030/output_518/pdbs/12.pdb
132,/wynton/group/sali/mhancock/xray/sample_bench/out/3ca7/51_16/3538030/output_88/pdbs/11.pdb
133,/wynton/group/sali/mhancock/xray/sample_bench/out/3ca7/51_16/3538030/output_243/pdbs/14.pdb
134,/wynton/group/sali/mhancock/xray/sample_bench/out/3ca7/51_16/3538030/output_12/pdbs/11.pdb
135,/wynton/group/sali/mhancock/xray/sample_bench/out/3ca7/51_16/3538030/output_842/pdbs/11.pdb
136,/wynton/group/sali/mhancock/xray/sample_bench/out/3ca7/51_16/3538030/output_121/pdbs/40.pdb
137,/wynton/group/sali/mhancock/xray/sample_bench/out/3ca7/51_16/3538030/output_609/pdbs/10.pdb
138,/wynton/group/sali/mhancock/xray/sample_bench/out/3ca7/51_16/3538030/output_977/pdbs/14.pdb
139,/wynton/group/sali/mhancock/xray/sample_bench/out/3ca7/51_16/3538030/output_76/pdbs/12.pdb
140,/wynton/group/sali/mhancock/xray/sample_bench/out/3ca7/51_16/3538030/output_654/pdbs/12.pdb
141,/wynton/group/sali/mhancock/xray/sample_bench/out/3ca7/51_16/3538030/output_343/pdbs/14.pdb
142,/wynton/group/sali/mhancock/xray/sample_bench/out/3ca7/51_16/3538030/output_978/pdbs/21.pdb
143,/wynton/group/sali/mhancock/xray/sample_bench/out/3ca7/51_16/3538030/output_575/pdbs/12.pdb
144,/wynton/group/sali/mhancock/xray/sample_bench/out/3ca7/51_16/3538030/output_767/pdbs/23.pdb
145,/wynton/group/sali/mhancock/xray/sample_bench/out/3ca7/51_16/3538030/output_305/pdbs/31.pdb
146,/wynton/group/sali/mhancock/xray/sample_bench/out/3ca7/51_16/3538030/output_88/pdbs/10.pdb
147,/wynton/group/sali/mhancock/xray/sample_bench/out/3ca7/51_16/3538030/output_510/pdbs/14.pdb
148,/wynton/group/sali/mhancock/xray/sample_bench/out/3ca7/51_16/3538030/output_326/pdbs/15.pdb
149,/wynton/group/sali/mhancock/xray/sample_bench/out/3ca7/51_16/3538030/output_45/pdbs/13.pdb
150,/wynton/group/sali/mhancock/xray/sample_bench/out/3ca7/51_16/3538030/output_530/pdbs/10.pdb
151,/wynton/group/sali/mhancock/xray/sample_bench/out/3ca7/51_16/3538030/output_153/pdbs/14.pdb
152,/wynton/group/sali/mhancock/xray/sample_bench/out/3ca7/51_16/3538030/output_435/pdbs/12.pdb
153,/wynton/group/sali/mhancock/xray/sample_bench/out/3ca7/51_16/3538030/output_622/pdbs/21.pdb
154,/wynton/group/sali/mhancock/xray/sample_bench/out/3ca7/51_16/3538030/output_443/pdbs/16.pdb
155,/wynton/group/sali/mhancock/xray/sample_bench/out/3ca7/51_16/3538030/output_326/pdbs/13.pdb
156,/wynton/group/sali/mhancock/xray/sample_bench/out/3ca7/51_16/3538030/output_859/pdbs/13.pdb
157,/wynton/group/sali/mhancock/xray/sample_bench/out/3ca7/51_16/3538030/output_128/pdbs/12.pdb
158,/wynton/group/sali/mhancock/xray/sample_bench/out/3ca7/51_16/3538030/output_232/pdbs/11.pdb
159,/wynton/group/sali/mhancock/xray/sample_bench/out/3ca7/51_16/3538030/output_963/pdbs/14.pdb
160,/wynton/group/sali/mhancock/xray/sample_bench/out/3ca7/51_16/3538030/output_45/pdbs/12.pdb
161,/wynton/group/sali/mhancock/xray/sample_bench/out/3ca7/51_16/3538030/output_708/pdbs/15.pdb
162,/wynton/group/sali/mhancock/xray/sample_bench/out/3ca7/51_16/3538030/output_402/pdbs/11.pdb
163,/wynton/group/sali/mhancock/xray/sample_bench/out/3ca7/51_16/3538030/output_894/pdbs/11.pdb
164,/wynton/group/sali/mhancock/xray/sample_bench/out/3ca7/51_16/3538030/output_862/pdbs/14.pdb
165,/wynton/group/sali/mhancock/xray/sample_bench/out/3ca7/51_16/3538030/output_880/pdbs/13.pdb
166,/wynton/group/sali/mhancock/xray/sample_bench/out/3ca7/51_16/3538030/output_158/pdbs/31.pdb
167,/wynton/group/sali/mhancock/xray/sample_bench/out/3ca7/51_16/3538030/output_902/pdbs/12.pdb
168,/wynton/group/sali/mhancock/xray/sample_bench/out/3ca7/51_16/3538030/output_97/pdbs/16.pdb
169,/wynton/group/sali/mhancock/xray/sample_bench/out/3ca7/51_16/3538030/output_654/pdbs/14.pdb
170,/wynton/group/sali/mhancock/xray/sample_bench/out/3ca7/51_16/3538030/output_402/pdbs/13.pdb
171,/wynton/group/sali/mhancock/xray/sample_bench/out/3ca7/51_16/3538030/output_784/pdbs/12.pdb
172,/wynton/group/sali/mhancock/xray/sample_bench/out/3ca7/51_16/3538030/output_128/pdbs/14.pdb
173,/wynton/group/sali/mhancock/xray/sample_bench/out/3ca7/51_16/3538030/output_480/pdbs/13.pdb
174,/wynton/group/sali/mhancock/xray/sample_bench/out/3ca7/51_16/3538030/output_978/pdbs/17.pdb
175,/wynton/group/sali/mhancock/xray/sample_bench/out/3ca7/51_16/3538030/output_953/pdbs/14.pdb
176,/wynton/group/sali/mhancock/xray/sample_bench/out/3ca7/51_16/3538030/output_530/pdbs/14.pdb
177,/wynton/group/sali/mhancock/xray/sample_bench/out/3ca7/51_16/3538030/output_554/pdbs/13.pdb
178,/wynton/group/sali/mhancock/xray/sample_bench/out/3ca7/51_16/3538030/output_792/pdbs/14.pdb
179,/wynton/group/sali/mhancock/xray/sample_bench/out/3ca7/51_16/3538030/output_240/pdbs/14.pdb
180,/wynton/group/sali/mhancock/xray/sample_bench/out/3ca7/51_16/3538030/output_570/pdbs/13.pdb
181,/wynton/group/sali/mhancock/xray/sample_bench/out/3ca7/51_16/3538030/output_463/pdbs/13.pdb
182,/wynton/group/sali/mhancock/xray/sample_bench/out/3ca7/51_16/3538030/output_614/pdbs/11.pdb
183,/wynton/group/sali/mhancock/xray/sample_bench/out/3ca7/51_16/3538030/output_325/pdbs/17.pdb
184,/wynton/group/sali/mhancock/xray/sample_bench/out/3ca7/51_16/3538030/output_120/pdbs/14.pdb
185,/wynton/group/sali/mhancock/xray/sample_bench/out/3ca7/51_16/3538030/output_698/pdbs/12.pdb
186,/wynton/group/sali/mhancock/xray/sample_bench/out/3ca7/51_16/3538030/output_325/pdbs/15.pdb
187,/wynton/group/sali/mhancock/xray/sample_bench/out/3ca7/51_16/3538030/output_100/pdbs/10.pdb
188,/wynton/group/sali/mhancock/xray/sample_bench/out/3ca7/51_16/3538030/output_953/pdbs/13.pdb
189,/wynton/group/sali/mhancock/xray/sample_bench/out/3ca7/51_16/3538030/output_814/pdbs/12.pdb
190,/wynton/group/sali/mhancock/xray/sample_bench/out/3ca7/51_16/3538030/output_81/pdbs/14.pdb
191,/wynton/group/sali/mhancock/xray/sample_bench/out/3ca7/51_16/3538030/output_978/pdbs/22.pdb
192,/wynton/group/sali/mhancock/xray/sample_bench/out/3ca7/51_16/3538030/output_900/pdbs/11.pdb
193,/wynton/group/sali/mhancock/xray/sample_bench/out/3ca7/51_16/3538030/output_945/pdbs/15.pdb
194,/wynton/group/sali/mhancock/xray/sample_bench/out/3ca7/51_16/3538030/output_174/pdbs/14.pdb
195,/wynton/group/sali/mhancock/xray/sample_bench/out/3ca7/51_16/3538030/output_36/pdbs/12.pdb
196,/wynton/group/sali/mhancock/xray/sample_bench/out/3ca7/51_16/3538030/output_814/pdbs/14.pdb
197,/wynton/group/sali/mhancock/xray/sample_bench/out/3ca7/51_16/3538030/output_120/pdbs/16.pdb
198,/wynton/group/sali/mhancock/xray/sample_bench/out/3ca7/51_16/3538030/output_114/pdbs/12.pdb
199,/wynton/group/sali/mhancock/xray/sample_bench/out/3ca7/51_16/3538030/output_977/pdbs/15.pdb
200,/wynton/group/sali/mhancock/xray/sample_bench/out/3ca7/51_16/3538030/output_652/pdbs/13.pdb
201,/wynton/group/sali/mhancock/xray/sample_bench/out/3ca7/51_16/3538030/output_343/pdbs/12.pdb
202,/wynton/group/sali/mhancock/xray/sample_bench/out/3ca7/51_16/3538030/output_802/pdbs/21.pdb
203,/wynton/group/sali/mhancock/xray/sample_bench/out/3ca7/51_16/3538030/output_282/pdbs/11.pdb
204,/wynton/group/sali/mhancock/xray/sample_bench/out/3ca7/51_16/3538030/output_243/pdbs/12.pdb
205,/wynton/group/sali/mhancock/xray/sample_bench/out/3ca7/51_16/3538030/output_987/pdbs/13.pdb
206,/wynton/group/sali/mhancock/xray/sample_bench/out/3ca7/51_16/3538030/output_853/pdbs/12.pdb
207,/wynton/group/sali/mhancock/xray/sample_bench/out/3ca7/51_16/3538030/output_332/pdbs/15.pdb
208,/wynton/group/sali/mhancock/xray/sample_bench/out/3ca7/51_16/3538030/output_235/pdbs/15.pdb
209,/wynton/group/sali/mhancock/xray/sample_bench/out/3ca7/51_16/3538030/output_106/pdbs/12.pdb
210,/wynton/group/sali/mhancock/xray/sample_bench/out/3ca7/51_16/3538030/output_363/pdbs/22.pdb
211,/wynton/group/sali/mhancock/xray/sample_bench/out/3ca7/51_16/3538030/output_690/pdbs/13.pdb
212,/wynton/group/sali/mhancock/xray/sample_bench/out/3ca7/51_16/3538030/output_42/pdbs/15.pdb
213,/wynton/group/sali/mhancock/xray/sample_bench/out/3ca7/51_16/3538030/output_761/pdbs/10.pdb
214,/wynton/group/sali/mhancock/xray/sample_bench/out/3ca7/51_16/3538030/output_818/pdbs/16.pdb
215,/wynton/group/sali/mhancock/xray/sample_bench/out/3ca7/51_16/3538030/output_809/pdbs/11.pdb
216,/wynton/group/sali/mhancock/xray/sample_bench/out/3ca7/51_16/3538030/output_926/pdbs/10.pdb
217,/wynton/group/sali/mhancock/xray/sample_bench/out/3ca7/51_16/3538030/output_424/pdbs/14.pdb
218,/wynton/group/sali/mhancock/xray/sample_bench/out/3ca7/51_16/3538030/output_357/pdbs/14.pdb
219,/wynton/group/sali/mhancock/xray/sample_bench/out/3ca7/51_16/3538030/output_251/pdbs/10.pdb
220,/wynton/group/sali/mhancock/xray/sample_bench/out/3ca7/51_16/3538030/output_233/pdbs/12.pdb
221,/wynton/group/sali/mhancock/xray/sample_bench/out/3ca7/51_16/3538030/output_853/pdbs/11.pdb
222,/wynton/group/sali/mhancock/xray/sample_bench/out/3ca7/51_16/3538030/output_934/pdbs/14.pdb
223,/wynton/group/sali/mhancock/xray/sample_bench/out/3ca7/51_16/3538030/output_252/pdbs/20.pdb
224,/wynton/group/sali/mhancock/xray/sample_bench/out/3ca7/51_16/3538030/output_244/pdbs/11.pdb
225,/wynton/group/sali/mhancock/xray/sample_bench/out/3ca7/51_16/3538030/output_326/pdbs/11.pdb
226,/wynton/group/sali/mhancock/xray/sample_bench/out/3ca7/51_16/3538030/output_357/pdbs/15.pdb
227,/wynton/group/sali/mhancock/xray/sample_bench/out/3ca7/51_16/3538030/output_45/pdbs/11.pdb
228,/wynton/group/sali/mhancock/xray/sample_bench/out/3ca7/51_16/3538030/output_343/pdbs/13.pdb
229,/wynton/group/sali/mhancock/xray/sample_bench/out/3ca7/51_16/3538030/output_232/pdbs/10.pdb
230,/wynton/group/sali/mhancock/xray/sample_bench/out/3ca7/51_16/3538030/output_530/pdbs/11.pdb
231,/wynton/group/sali/mhancock/xray/sample_bench/out/3ca7/51_16/3538030/output_580/pdbs/20.pdb
232,/wynton/group/sali/mhancock/xray/sample_bench/out/3ca7/51_16/3538030/output_869/pdbs/14.pdb
233,/wynton/group/sali/mhancock/xray/sample_bench/out/3ca7/51_16/3538030/output_230/pdbs/17.pdb
234,/wynton/group/sali/mhancock/xray/sample_bench/out/3ca7/51_16/3538030/output_719/pdbs/13.pdb
235,/wynton/group/sali/mhancock/xray/sample_bench/out/3ca7/51_16/3538030/output_580/pdbs/18.pdb
236,/wynton/group/sali/mhancock/xray/sample_bench/out/3ca7/51_16/3538030/output_325/pdbs/16.pdb
237,/wynton/group/sali/mhancock/xray/sample_bench/out/3ca7/51_16/3538030/output_681/pdbs/12.pdb
238,/wynton/group/sali/mhancock/xray/sample_bench/out/3ca7/51_16/3538030/output_630/pdbs/11.pdb
239,/wynton/group/sali/mhancock/xray/sample_bench/out/3ca7/51_16/3538030/output_784/pdbs/10.pdb
240,/wynton/group/sali/mhancock/xray/sample_bench/out/3ca7/51_16/3538030/output_544/pdbs/15.pdb
241,/wynton/group/sali/mhancock/xray/sample_bench/out/3ca7/51_16/3538030/output_53/pdbs/12.pdb
242,/wynton/group/sali/mhancock/xray/sample_bench/out/3ca7/51_16/3538030/output_880/pdbs/12.pdb
243,/wynton/group/sali/mhancock/xray/sample_bench/out/3ca7/51_16/3538030/output_846/pdbs/12.pdb
244,/wynton/group/sali/mhancock/xray/sample_bench/out/3ca7/51_16/3538030/output_758/pdbs/10.pdb
245,/wynton/group/sali/mhancock/xray/sample_bench/out/3ca7/51_16/3538030/output_106/pdbs/13.pdb
246,/wynton/group/sali/mhancock/xray/sample_bench/out/3ca7/51_16/3538030/output_939/pdbs/38.pdb
247,/wynton/group/sali/mhancock/xray/sample_bench/out/3ca7/51_16/3538030/output_745/pdbs/13.pdb
248,/wynton/group/sali/mhancock/xray/sample_bench/out/3ca7/51_16/3538030/output_432/pdbs/11.pdb
249,/wynton/group/sali/mhancock/xray/sample_bench/out/3ca7/51_16/3538030/output_540/pdbs/13.pdb
250,/wynton/group/sali/mhancock/xray/sample_bench/out/3ca7/51_16/3538030/output_939/pdbs/36.pdb
251,/wynton/group/sali/mhancock/xray/sample_bench/out/3ca7/51_16/3538030/output_36/pdbs/11.pdb
252,/wynton/group/sali/mhancock/xray/sample_bench/out/3ca7/51_16/3538030/output_708/pdbs/13.pdb
253,/wynton/group/sali/mhancock/xray/sample_bench/out/3ca7/51_16/3538030/output_435/pdbs/13.pdb
254,/wynton/group/sali/mhancock/xray/sample_bench/out/3ca7/51_16/3538030/output_571/pdbs/14.pdb
255,/wynton/group/sali/mhancock/xray/sample_bench/out/3ca7/51_16/3538030/output_428/pdbs/12.pdb
256,/wynton/group/sali/mhancock/xray/sample_bench/out/3ca7/51_16/3538030/output_649/pdbs/11.pdb
257,/wynton/group/sali/mhancock/xray/sample_bench/out/3ca7/51_16/3538030/output_278/pdbs/46.pdb
258,/wynton/group/sali/mhancock/xray/sample_bench/out/3ca7/51_16/3538030/output_176/pdbs/12.pdb
259,/wynton/group/sali/mhancock/xray/sample_bench/out/3ca7/51_16/3538030/output_891/pdbs/13.pdb
260,/wynton/group/sali/mhancock/xray/sample_bench/out/3ca7/51_16/3538030/output_614/pdbs/10.pdb
261,/wynton/group/sali/mhancock/xray/sample_bench/out/3ca7/51_16/3538030/output_663/pdbs/17.pdb
262,/wynton/group/sali/mhancock/xray/sample_bench/out/3ca7/51_16/3538030/output_158/pdbs/29.pdb
263,/wynton/group/sali/mhancock/xray/sample_bench/out/3ca7/51_16/3538030/output_510/pdbs/15.pdb
264,/wynton/group/sali/mhancock/xray/sample_bench/out/3ca7/51_16/3538030/output_76/pdbs/10.pdb
265,/wynton/group/sali/mhancock/xray/sample_bench/out/3ca7/51_16/3538030/output_973/pdbs/12.pdb
266,/wynton/group/sali/mhancock/xray/sample_bench/out/3ca7/51_16/3538030/output_613/pdbs/10.pdb
267,/wynton/group/sali/mhancock/xray/sample_bench/out/3ca7/51_16/3538030/output_305/pdbs/33.pdb
268,/wynton/group/sali/mhancock/xray/sample_bench/out/3ca7/51_16/3538030/output_952/pdbs/12.pdb
269,/wynton/group/sali/mhancock/xray/sample_bench/out/3ca7/51_16/3538030/output_97/pdbs/17.pdb
270,/wynton/group/sali/mhancock/xray/sample_bench/out/3ca7/51_16/3538030/output_784/pdbs/13.pdb
271,/wynton/group/sali/mhancock/xray/sample_bench/out/3ca7/51_16/3538030/output_363/pdbs/17.pdb
272,/wynton/group/sali/mhancock/xray/sample_bench/out/3ca7/51_16/3538030/output_518/pdbs/11.pdb
273,/wynton/group/sali/mhancock/xray/sample_bench/out/3ca7/51_16/3538030/output_424/pdbs/13.pdb
274,/wynton/group/sali/mhancock/xray/sample_bench/out/3ca7/51_16/3538030/output_297/pdbs/13.pdb
275,/wynton/group/sali/mhancock/xray/sample_bench/out/3ca7/51_16/3538030/output_889/pdbs/11.pdb
276,/wynton/group/sali/mhancock/xray/sample_bench/out/3ca7/51_16/3538030/output_620/pdbs/11.pdb
277,/wynton/group/sali/mhancock/xray/sample_bench/out/3ca7/51_16/3538030/output_389/pdbs/10.pdb
278,/wynton/group/sali/mhancock/xray/sample_bench/out/3ca7/51_16/3538030/output_0/pdbs/14.pdb
279,/wynton/group/sali/mhancock/xray/sample_bench/out/3ca7/51_16/3538030/output_252/pdbs/19.pdb
280,/wynton/group/sali/mhancock/xray/sample_bench/out/3ca7/51_16/3538030/output_151/pdbs/11.pdb
281,/wynton/group/sali/mhancock/xray/sample_bench/out/3ca7/51_16/3538030/output_278/pdbs/39.pdb
282,/wynton/group/sali/mhancock/xray/sample_bench/out/3ca7/51_16/3538030/output_424/pdbs/15.pdb
283,/wynton/group/sali/mhancock/xray/sample_bench/out/3ca7/51_16/3538030/output_957/pdbs/12.pdb
284,/wynton/group/sali/mhancock/xray/sample_bench/out/3ca7/51_16/3538030/output_262/pdbs/15.pdb
285,/wynton/group/sali/mhancock/xray/sample_bench/out/3ca7/51_16/3538030/output_134/pdbs/12.pdb
286,/wynton/group/sali/mhancock/xray/sample_bench/out/3ca7/51_16/3538030/output_720/pdbs/11.pdb
287,/wynton/group/sali/mhancock/xray/sample_bench/out/3ca7/51_16/3538030/output_443/pdbs/12.pdb
288,/wynton/group/sali/mhancock/xray/sample_bench/out/3ca7/51_16/3538030/output_278/pdbs/40.pdb
289,/wynton/group/sali/mhancock/xray/sample_bench/out/3ca7/51_16/3538030/output_252/pdbs/22.pdb
290,/wynton/group/sali/mhancock/xray/sample_bench/out/3ca7/51_16/3538030/output_135/pdbs/12.pdb
291,/wynton/group/sali/mhancock/xray/sample_bench/out/3ca7/51_16/3538030/output_230/pdbs/13.pdb
292,/wynton/group/sali/mhancock/xray/sample_bench/out/3ca7/51_16/3538030/output_894/pdbs/12.pdb
293,/wynton/group/sali/mhancock/xray/sample_bench/out/3ca7/51_16/3538030/output_278/pdbs/53.pdb
294,/wynton/group/sali/mhancock/xray/sample_bench/out/3ca7/51_16/3538030/output_680/pdbs/25.pdb
295,/wynton/group/sali/mhancock/xray/sample_bench/out/3ca7/51_16/3538030/output_544/pdbs/14.pdb
296,/wynton/group/sali/mhancock/xray/sample_bench/out/3ca7/51_16/3538030/output_891/pdbs/14.pdb
297,/wynton/group/sali/mhancock/xray/sample_bench/out/3ca7/51_16/3538030/output_278/pdbs/52.pdb
298,/wynton/group/sali/mhancock/xray/sample_bench/out/3ca7/51_16/3538030/output_326/pdbs/10.pdb
299,/wynton/group/sali/mhancock/xray/sample_bench/out/3ca7/51_16/3538030/output_654/pdbs/13.pdb
300,/wynton/group/sali/mhancock/xray/sample_bench/out/3ca7/51_16/3538030/output_252/pdbs/21.pdb
301,/wynton/group/sali/mhancock/xray/sample_bench/out/3ca7/51_16/3538030/output_258/pdbs/12.pdb
302,/wynton/group/sali/mhancock/xray/sample_bench/out/3ca7/51_16/3538030/output_485/pdbs/11.pdb
303,/wynton/group/sali/mhancock/xray/sample_bench/out/3ca7/51_16/3538030/output_652/pdbs/14.pdb
304,/wynton/group/sali/mhancock/xray/sample_bench/out/3ca7/51_16/3538030/output_963/pdbs/15.pdb
305,/wynton/group/sali/mhancock/xray/sample_bench/out/3ca7/51_16/3538030/output_231/pdbs/15.pdb
306,/wynton/group/sali/mhancock/xray/sample_bench/out/3ca7/51_16/3538030/output_842/pdbs/13.pdb
307,/wynton/group/sali/mhancock/xray/sample_bench/out/3ca7/51_16/3538030/output_377/pdbs/15.pdb
308,/wynton/group/sali/mhancock/xray/sample_bench/out/3ca7/51_16/3538030/output_945/pdbs/14.pdb
309,/wynton/group/sali/mhancock/xray/sample_bench/out/3ca7/51_16/3538030/output_963/pdbs/13.pdb
310,/wynton/group/sali/mhancock/xray/sample_bench/out/3ca7/51_16/3538030/output_939/pdbs/31.pdb
311,/wynton/group/sali/mhancock/xray/sample_bench/out/3ca7/51_16/3538030/output_510/pdbs/11.pdb
312,/wynton/group/sali/mhancock/xray/sample_bench/out/3ca7/51_16/3538030/output_402/pdbs/14.pdb
313,/wynton/group/sali/mhancock/xray/sample_bench/out/3ca7/51_16/3538030/output_155/pdbs/14.pdb
314,/wynton/group/sali/mhancock/xray/sample_bench/out/3ca7/51_16/3538030/output_792/pdbs/10.pdb
315,/wynton/group/sali/mhancock/xray/sample_bench/out/3ca7/51_16/3538030/output_652/pdbs/12.pdb
316,/wynton/group/sali/mhancock/xray/sample_bench/out/3ca7/51_16/3538030/output_719/pdbs/14.pdb
317,/wynton/group/sali/mhancock/xray/sample_bench/out/3ca7/51_16/3538030/output_853/pdbs/14.pdb
318,/wynton/group/sali/mhancock/xray/sample_bench/out/3ca7/51_16/3538030/output_443/pdbs/17.pdb
319,/wynton/group/sali/mhancock/xray/sample_bench/out/3ca7/51_16/3538030/output_786/pdbs/11.pdb
320,/wynton/group/sali/mhancock/xray/sample_bench/out/3ca7/51_16/3538030/output_853/pdbs/13.pdb
321,/wynton/group/sali/mhancock/xray/sample_bench/out/3ca7/51_16/3538030/output_96/pdbs/13.pdb
322,/wynton/group/sali/mhancock/xray/sample_bench/out/3ca7/51_16/3538030/output_326/pdbs/12.pdb
323,/wynton/group/sali/mhancock/xray/sample_bench/out/3ca7/51_16/3538030/output_122/pdbs/11.pdb
324,/wynton/group/sali/mhancock/xray/sample_bench/out/3ca7/51_16/3538030/output_598/pdbs/14.pdb
325,/wynton/group/sali/mhancock/xray/sample_bench/out/3ca7/51_16/3538030/output_47/pdbs/11.pdb
326,/wynton/group/sali/mhancock/xray/sample_bench/out/3ca7/51_16/3538030/output_957/pdbs/13.pdb
327,/wynton/group/sali/mhancock/xray/sample_bench/out/3ca7/51_16/3538030/output_698/pdbs/11.pdb
328,/wynton/group/sali/mhancock/xray/sample_bench/out/3ca7/51_16/3538030/output_580/pdbs/11.pdb
329,/wynton/group/sali/mhancock/xray/sample_bench/out/3ca7/51_16/3538030/output_571/pdbs/12.pdb
330,/wynton/group/sali/mhancock/xray/sample_bench/out/3ca7/51_16/3538030/output_251/pdbs/11.pdb
331,/wynton/group/sali/mhancock/xray/sample_bench/out/3ca7/51_16/3538030/output_164/pdbs/15.pdb
332,/wynton/group/sali/mhancock/xray/sample_bench/out/3ca7/51_16/3538030/output_845/pdbs/12.pdb
333,/wynton/group/sali/mhancock/xray/sample_bench/out/3ca7/51_16/3538030/output_818/pdbs/17.pdb
334,/wynton/group/sali/mhancock/xray/sample_bench/out/3ca7/51_16/3538030/output_118/pdbs/13.pdb
335,/wynton/group/sali/mhancock/xray/sample_bench/out/3ca7/51_16/3538030/output_571/pdbs/11.pdb
336,/wynton/group/sali/mhancock/xray/sample_bench/out/3ca7/51_16/3538030/output_571/pdbs/13.pdb
337,/wynton/group/sali/mhancock/xray/sample_bench/out/3ca7/51_16/3538030/output_845/pdbs/10.pdb
338,/wynton/group/sali/mhancock/xray/sample_bench/out/3ca7/51_16/3538030/output_932/pdbs/22.pdb
339,/wynton/group/sali/mhancock/xray/sample_bench/out/3ca7/51_16/3538030/output_52/pdbs/15.pdb
340,/wynton/group/sali/mhancock/xray/sample_bench/out/3ca7/51_16/3538030/output_989/pdbs/12.pdb
341,/wynton/group/sali/mhancock/xray/sample_bench/out/3ca7/51_16/3538030/output_587/pdbs/13.pdb
342,/wynton/group/sali/mhancock/xray/sample_bench/out/3ca7/51_16/3538030/output_278/pdbs/43.pdb
343,/wynton/group/sali/mhancock/xray/sample_bench/out/3ca7/51_16/3538030/output_930/pdbs/16.pdb
344,/wynton/group/sali/mhancock/xray/sample_bench/out/3ca7/51_16/3538030/output_176/pdbs/11.pdb
345,/wynton/group/sali/mhancock/xray/sample_bench/out/3ca7/51_16/3538030/output_278/pdbs/51.pdb
346,/wynton/group/sali/mhancock/xray/sample_bench/out/3ca7/51_16/3538030/output_978/pdbs/18.pdb
347,/wynton/group/sali/mhancock/xray/sample_bench/out/3ca7/51_16/3538030/output_335/pdbs/10.pdb
348,/wynton/group/sali/mhancock/xray/sample_bench/out/3ca7/51_16/3538030/output_231/pdbs/16.pdb
349,/wynton/group/sali/mhancock/xray/sample_bench/out/3ca7/51_16/3538030/output_895/pdbs/15.pdb
350,/wynton/group/sali/mhancock/xray/sample_bench/out/3ca7/51_16/3538030/output_121/pdbs/41.pdb
351,/wynton/group/sali/mhancock/xray/sample_bench/out/3ca7/51_16/3538030/output_742/pdbs/11.pdb
352,/wynton/group/sali/mhancock/xray/sample_bench/out/3ca7/51_16/3538030/output_333/pdbs/12.pdb
353,/wynton/group/sali/mhancock/xray/sample_bench/out/3ca7/51_16/3538030/output_978/pdbs/13.pdb
354,/wynton/group/sali/mhancock/xray/sample_bench/out/3ca7/51_16/3538030/output_153/pdbs/16.pdb
355,/wynton/group/sali/mhancock/xray/sample_bench/out/3ca7/51_16/3538030/output_995/pdbs/14.pdb
356,/wynton/group/sali/mhancock/xray/sample_bench/out/3ca7/51_16/3538030/output_952/pdbs/14.pdb
357,/wynton/group/sali/mhancock/xray/sample_bench/out/3ca7/51_16/3538030/output_769/pdbs/14.pdb
358,/wynton/group/sali/mhancock/xray/sample_bench/out/3ca7/51_16/3538030/output_454/pdbs/12.pdb
359,/wynton/group/sali/mhancock/xray/sample_bench/out/3ca7/51_16/3538030/output_235/pdbs/14.pdb
360,/wynton/group/sali/mhancock/xray/sample_bench/out/3ca7/51_16/3538030/output_114/pdbs/11.pdb
361,/wynton/group/sali/mhancock/xray/sample_bench/out/3ca7/51_16/3538030/output_191/pdbs/30.pdb
362,/wynton/group/sali/mhancock/xray/sample_bench/out/3ca7/51_16/3538030/output_963/pdbs/11.pdb
363,/wynton/group/sali/mhancock/xray/sample_bench/out/3ca7/51_16/3538030/output_47/pdbs/10.pdb
364,/wynton/group/sali/mhancock/xray/sample_bench/out/3ca7/51_16/3538030/output_895/pdbs/14.pdb
365,/wynton/group/sali/mhancock/xray/sample_bench/out/3ca7/51_16/3538030/output_133/pdbs/11.pdb
366,/wynton/group/sali/mhancock/xray/sample_bench/out/3ca7/51_16/3538030/output_844/pdbs/12.pdb
367,/wynton/group/sali/mhancock/xray/sample_bench/out/3ca7/51_16/3538030/output_818/pdbs/13.pdb
368,/wynton/group/sali/mhancock/xray/sample_bench/out/3ca7/51_16/3538030/output_297/pdbs/14.pdb
369,/wynton/group/sali/mhancock/xray/sample_bench/out/3ca7/51_16/3538030/output_117/pdbs/242.pdb
370,/wynton/group/sali/mhancock/xray/sample_bench/out/3ca7/51_16/3538030/output_278/pdbs/54.pdb
371,/wynton/group/sali/mhancock/xray/sample_bench/out/3ca7/51_16/3538030/output_953/pdbs/12.pdb
372,/wynton/group/sali/mhancock/xray/sample_bench/out/3ca7/51_16/3538030/output_663/pdbs/16.pdb
373,/wynton/group/sali/mhancock/xray/sample_bench/out/3ca7/51_16/3538030/output_174/pdbs/13.pdb
374,/wynton/group/sali/mhancock/xray/sample_bench/out/3ca7/51_16/3538030/output_215/pdbs/12.pdb
375,/wynton/group/sali/mhancock/xray/sample_bench/out/3ca7/51_16/3538030/output_343/pdbs/15.pdb
376,/wynton/group/sali/mhancock/xray/sample_bench/out/3ca7/51_16/3538030/output_177/pdbs/15.pdb
377,/wynton/group/sali/mhancock/xray/sample_bench/out/3ca7/51_16/3538030/output_540/pdbs/12.pdb
378,/wynton/group/sali/mhancock/xray/sample_bench/out/3ca7/51_16/3538030/output_745/pdbs/12.pdb
379,/wynton/group/sali/mhancock/xray/sample_bench/out/3ca7/51_16/3538030/output_463/pdbs/14.pdb
380,/wynton/group/sali/mhancock/xray/sample_bench/out/3ca7/51_16/3538030/output_294/pdbs/12.pdb
381,/wynton/group/sali/mhancock/xray/sample_bench/out/3ca7/51_16/3538030/output_275/pdbs/11.pdb
382,/wynton/group/sali/mhancock/xray/sample_bench/out/3ca7/51_16/3538030/output_936/pdbs/12.pdb
383,/wynton/group/sali/mhancock/xray/sample_bench/out/3ca7/51_16/3538030/output_106/pdbs/11.pdb
384,/wynton/group/sali/mhancock/xray/sample_bench/out/3ca7/51_16/3538030/output_672/pdbs/12.pdb
385,/wynton/group/sali/mhancock/xray/sample_bench/out/3ca7/51_16/3538030/output_690/pdbs/10.pdb
386,/wynton/group/sali/mhancock/xray/sample_bench/out/3ca7/51_16/3538030/output_900/pdbs/12.pdb
387,/wynton/group/sali/mhancock/xray/sample_bench/out/3ca7/51_16/3538030/output_416/pdbs/40.pdb
388,/wynton/group/sali/mhancock/xray/sample_bench/out/3ca7/51_16/3538030/output_535/pdbs/15.pdb
389,/wynton/group/sali/mhancock/xray/sample_bench/out/3ca7/51_16/3538030/output_179/pdbs/13.pdb
390,/wynton/group/sali/mhancock/xray/sample_bench/out/3ca7/51_16/3538030/output_676/pdbs/13.pdb
391,/wynton/group/sali/mhancock/xray/sample_bench/out/3ca7/51_16/3538030/output_466/pdbs/15.pdb
392,/wynton/group/sali/mhancock/xray/sample_bench/out/3ca7/51_16/3538030/output_530/pdbs/12.pdb
393,/wynton/group/sali/mhancock/xray/sample_bench/out/3ca7/51_16/3538030/output_580/pdbs/12.pdb
394,/wynton/group/sali/mhancock/xray/sample_bench/out/3ca7/51_16/3538030/output_719/pdbs/15.pdb
395,/wynton/group/sali/mhancock/xray/sample_bench/out/3ca7/51_16/3538030/output_451/pdbs/11.pdb
396,/wynton/group/sali/mhancock/xray/sample_bench/out/3ca7/51_16/3538030/output_201/pdbs/10.pdb
397,/wynton/group/sali/mhancock/xray/sample_bench/out/3ca7/51_16/3538030/output_317/pdbs/14.pdb
398,/wynton/group/sali/mhancock/xray/sample_bench/out/3ca7/51_16/3538030/output_852/pdbs/13.pdb
399,/wynton/group/sali/mhancock/xray/sample_bench/out/3ca7/51_16/3538030/output_258/pdbs/15.pdb
400,/wynton/group/sali/mhancock/xray/sample_bench/out/3ca7/51_16/3538030/output_666/pdbs/11.pdb
401,/wynton/group/sali/mhancock/xray/sample_bench/out/3ca7/51_16/3538030/output_327/pdbs/14.pdb
402,/wynton/group/sali/mhancock/xray/sample_bench/out/3ca7/51_16/3538030/output_742/pdbs/10.pdb
403,/wynton/group/sali/mhancock/xray/sample_bench/out/3ca7/51_16/3538030/output_147/pdbs/14.pdb
404,/wynton/group/sali/mhancock/xray/sample_bench/out/3ca7/51_16/3538030/output_294/pdbs/13.pdb
405,/wynton/group/sali/mhancock/xray/sample_bench/out/3ca7/51_16/3538030/output_789/pdbs/12.pdb
406,/wynton/group/sali/mhancock/xray/sample_bench/out/3ca7/51_16/3538030/output_177/pdbs/16.pdb
407,/wynton/group/sali/mhancock/xray/sample_bench/out/3ca7/51_16/3538030/output_278/pdbs/59.pdb
408,/wynton/group/sali/mhancock/xray/sample_bench/out/3ca7/51_16/3538030/output_784/pdbs/14.pdb
409,/wynton/group/sali/mhancock/xray/sample_bench/out/3ca7/51_16/3538030/output_835/pdbs/13.pdb
410,/wynton/group/sali/mhancock/xray/sample_bench/out/3ca7/51_16/3538030/output_454/pdbs/13.pdb
411,/wynton/group/sali/mhancock/xray/sample_bench/out/3ca7/51_16/3538030/output_952/pdbs/15.pdb
412,/wynton/group/sali/mhancock/xray/sample_bench/out/3ca7/51_16/3538030/output_889/pdbs/12.pdb
413,/wynton/group/sali/mhancock/xray/sample_bench/out/3ca7/51_16/3538030/output_750/pdbs/16.pdb
414,/wynton/group/sali/mhancock/xray/sample_bench/out/3ca7/51_16/3538030/output_416/pdbs/41.pdb
415,/wynton/group/sali/mhancock/xray/sample_bench/out/3ca7/51_16/3538030/output_109/pdbs/14.pdb
416,/wynton/group/sali/mhancock/xray/sample_bench/out/3ca7/51_16/3538030/output_835/pdbs/14.pdb
417,/wynton/group/sali/mhancock/xray/sample_bench/out/3ca7/51_16/3538030/output_334/pdbs/15.pdb
418,/wynton/group/sali/mhancock/xray/sample_bench/out/3ca7/51_16/3538030/output_987/pdbs/12.pdb
419,/wynton/group/sali/mhancock/xray/sample_bench/out/3ca7/51_16/3538030/output_361/pdbs/15.pdb
420,/wynton/group/sali/mhancock/xray/sample_bench/out/3ca7/51_16/3538030/output_560/pdbs/14.pdb
421,/wynton/group/sali/mhancock/xray/sample_bench/out/3ca7/51_16/3538030/output_844/pdbs/11.pdb
422,/wynton/group/sali/mhancock/xray/sample_bench/out/3ca7/51_16/3538030/output_133/pdbs/12.pdb
423,/wynton/group/sali/mhancock/xray/sample_bench/out/3ca7/51_16/3538030/output_718/pdbs/14.pdb
424,/wynton/group/sali/mhancock/xray/sample_bench/out/3ca7/51_16/3538030/output_168/pdbs/13.pdb
425,/wynton/group/sali/mhancock/xray/sample_bench/out/3ca7/51_16/3538030/output_363/pdbs/18.pdb
426,/wynton/group/sali/mhancock/xray/sample_bench/out/3ca7/51_16/3538030/output_174/pdbs/10.pdb
427,/wynton/group/sali/mhancock/xray/sample_bench/out/3ca7/51_16/3538030/output_970/pdbs/11.pdb
428,/wynton/group/sali/mhancock/xray/sample_bench/out/3ca7/51_16/3538030/output_416/pdbs/36.pdb
429,/wynton/group/sali/mhancock/xray/sample_bench/out/3ca7/51_16/3538030/output_598/pdbs/11.pdb
430,/wynton/group/sali/mhancock/xray/sample_bench/out/3ca7/51_16/3538030/output_792/pdbs/22.pdb
431,/wynton/group/sali/mhancock/xray/sample_bench/out/3ca7/51_16/3538030/output_792/pdbs/32.pdb
432,/wynton/group/sali/mhancock/xray/sample_bench/out/3ca7/51_16/3538030/output_85/pdbs/13.pdb
433,/wynton/group/sali/mhancock/xray/sample_bench/out/3ca7/51_16/3538030/output_410/pdbs/10.pdb
434,/wynton/group/sali/mhancock/xray/sample_bench/out/3ca7/51_16/3538030/output_343/pdbs/16.pdb
435,/wynton/group/sali/mhancock/xray/sample_bench/out/3ca7/51_16/3538030/output_555/pdbs/10.pdb
436,/wynton/group/sali/mhancock/xray/sample_bench/out/3ca7/51_16/3538030/output_121/pdbs/39.pdb
437,/wynton/group/sali/mhancock/xray/sample_bench/out/3ca7/51_16/3538030/output_466/pdbs/14.pdb
438,/wynton/group/sali/mhancock/xray/sample_bench/out/3ca7/51_16/3538030/output_278/pdbs/42.pdb
439,/wynton/group/sali/mhancock/xray/sample_bench/out/3ca7/51_16/3538030/output_945/pdbs/18.pdb
440,/wynton/group/sali/mhancock/xray/sample_bench/out/3ca7/51_16/3538030/output_332/pdbs/14.pdb
441,/wynton/group/sali/mhancock/xray/sample_bench/out/3ca7/51_16/3538030/output_294/pdbs/11.pdb
442,/wynton/group/sali/mhancock/xray/sample_bench/out/3ca7/51_16/3538030/output_179/pdbs/12.pdb
443,/wynton/group/sali/mhancock/xray/sample_bench/out/3ca7/51_16/3538030/output_233/pdbs/13.pdb
444,/wynton/group/sali/mhancock/xray/sample_bench/out/3ca7/51_16/3538030/output_174/pdbs/11.pdb
445,/wynton/group/sali/mhancock/xray/sample_bench/out/3ca7/51_16/3538030/output_575/pdbs/11.pdb
446,/wynton/group/sali/mhancock/xray/sample_bench/out/3ca7/51_16/3538030/output_174/pdbs/15.pdb
447,/wynton/group/sali/mhancock/xray/sample_bench/out/3ca7/51_16/3538030/output_964/pdbs/11.pdb
448,/wynton/group/sali/mhancock/xray/sample_bench/out/3ca7/51_16/3538030/output_3/pdbs/11.pdb
449,/wynton/group/sali/mhancock/xray/sample_bench/out/3ca7/51_16/3538030/output_258/pdbs/11.pdb
450,/wynton/group/sali/mhancock/xray/sample_bench/out/3ca7/51_16/3538030/output_223/pdbs/13.pdb
451,/wynton/group/sali/mhancock/xray/sample_bench/out/3ca7/51_16/3538030/output_416/pdbs/39.pdb
452,/wynton/group/sali/mhancock/xray/sample_bench/out/3ca7/51_16/3538030/output_842/pdbs/10.pdb
453,/wynton/group/sali/mhancock/xray/sample_bench/out/3ca7/51_16/3538030/output_547/pdbs/10.pdb
454,/wynton/group/sali/mhancock/xray/sample_bench/out/3ca7/51_16/3538030/output_164/pdbs/16.pdb
455,/wynton/group/sali/mhancock/xray/sample_bench/out/3ca7/51_16/3538030/output_223/pdbs/14.pdb
456,/wynton/group/sali/mhancock/xray/sample_bench/out/3ca7/51_16/3538030/output_177/pdbs/11.pdb
457,/wynton/group/sali/mhancock/xray/sample_bench/out/3ca7/51_16/3538030/output_29/pdbs/10.pdb
458,/wynton/group/sali/mhancock/xray/sample_bench/out/3ca7/51_16/3538030/output_302/pdbs/12.pdb
459,/wynton/group/sali/mhancock/xray/sample_bench/out/3ca7/51_16/3538030/output_698/pdbs/13.pdb
460,/wynton/group/sali/mhancock/xray/sample_bench/out/3ca7/51_16/3538030/output_137/pdbs/14.pdb
461,/wynton/group/sali/mhancock/xray/sample_bench/out/3ca7/51_16/3538030/output_970/pdbs/13.pdb
462,/wynton/group/sali/mhancock/xray/sample_bench/out/3ca7/51_16/3538030/output_518/pdbs/10.pdb
463,/wynton/group/sali/mhancock/xray/sample_bench/out/3ca7/51_16/3538030/output_681/pdbs/11.pdb
464,/wynton/group/sali/mhancock/xray/sample_bench/out/3ca7/51_16/3538030/output_177/pdbs/10.pdb
465,/wynton/group/sali/mhancock/xray/sample_bench/out/3ca7/51_16/3538030/output_81/pdbs/13.pdb
466,/wynton/group/sali/mhancock/xray/sample_bench/out/3ca7/51_16/3538030/output_614/pdbs/12.pdb
467,/wynton/group/sali/mhancock/xray/sample_bench/out/3ca7/51_16/3538030/output_544/pdbs/13.pdb
468,/wynton/group/sali/mhancock/xray/sample_bench/out/3ca7/51_16/3538030/output_164/pdbs/14.pdb
469,/wynton/group/sali/mhancock/xray/sample_bench/out/3ca7/51_16/3538030/output_567/pdbs/15.pdb
470,/wynton/group/sali/mhancock/xray/sample_bench/out/3ca7/51_16/3538030/output_547/pdbs/11.pdb
471,/wynton/group/sali/mhancock/xray/sample_bench/out/3ca7/51_16/3538030/output_930/pdbs/17.pdb
472,/wynton/group/sali/mhancock/xray/sample_bench/out/3ca7/51_16/3538030/output_114/pdbs/13.pdb
473,/wynton/group/sali/mhancock/xray/sample_bench/out/3ca7/51_16/3538030/output_305/pdbs/30.pdb
474,/wynton/group/sali/mhancock/xray/sample_bench/out/3ca7/51_16/3538030/output_106/pdbs/14.pdb
475,/wynton/group/sali/mhancock/xray/sample_bench/out/3ca7/51_16/3538030/output_391/pdbs/15.pdb
476,/wynton/group/sali/mhancock/xray/sample_bench/out/3ca7/51_16/3538030/output_454/pdbs/15.pdb
477,/wynton/group/sali/mhancock/xray/sample_bench/out/3ca7/51_16/3538030/output_151/pdbs/12.pdb
478,/wynton/group/sali/mhancock/xray/sample_bench/out/3ca7/51_16/3538030/output_308/pdbs/12.pdb
479,/wynton/group/sali/mhancock/xray/sample_bench/out/3ca7/51_16/3538030/output_42/pdbs/14.pdb
480,/wynton/group/sali/mhancock/xray/sample_bench/out/3ca7/51_16/3538030/output_680/pdbs/13.pdb
481,/wynton/group/sali/mhancock/xray/sample_bench/out/3ca7/51_16/3538030/output_675/pdbs/11.pdb
482,/wynton/group/sali/mhancock/xray/sample_bench/out/3ca7/51_16/3538030/output_985/pdbs/36.pdb
483,/wynton/group/sali/mhancock/xray/sample_bench/out/3ca7/51_16/3538030/output_290/pdbs/12.pdb
484,/wynton/group/sali/mhancock/xray/sample_bench/out/3ca7/51_16/3538030/output_766/pdbs/10.pdb
485,/wynton/group/sali/mhancock/xray/sample_bench/out/3ca7/51_16/3538030/output_168/pdbs/12.pdb
486,/wynton/group/sali/mhancock/xray/sample_bench/out/3ca7/51_16/3538030/output_510/pdbs/13.pdb
487,/wynton/group/sali/mhancock/xray/sample_bench/out/3ca7/51_16/3538030/output_939/pdbs/35.pdb
488,/wynton/group/sali/mhancock/xray/sample_bench/out/3ca7/51_16/3538030/output_925/pdbs/13.pdb
489,/wynton/group/sali/mhancock/xray/sample_bench/out/3ca7/51_16/3538030/output_680/pdbs/14.pdb
490,/wynton/group/sali/mhancock/xray/sample_bench/out/3ca7/51_16/3538030/output_422/pdbs/25.pdb
491,/wynton/group/sali/mhancock/xray/sample_bench/out/3ca7/51_16/3538030/output_636/pdbs/18.pdb
492,/wynton/group/sali/mhancock/xray/sample_bench/out/3ca7/51_16/3538030/output_549/pdbs/16.pdb
493,/wynton/group/sali/mhancock/xray/sample_bench/out/3ca7/51_16/3538030/output_137/pdbs/15.pdb
494,/wynton/group/sali/mhancock/xray/sample_bench/out/3ca7/51_16/3538030/output_769/pdbs/13.pdb
495,/wynton/group/sali/mhancock/xray/sample_bench/out/3ca7/51_16/3538030/output_927/pdbs/158.pdb
496,/wynton/group/sali/mhancock/xray/sample_bench/out/3ca7/51_16/3538030/output_303/pdbs/12.pdb
497,/wynton/group/sali/mhancock/xray/sample_bench/out/3ca7/51_16/3538030/output_952/pdbs/13.pdb
498,/wynton/group/sali/mhancock/xray/sample_bench/out/3ca7/51_16/3538030/output_317/pdbs/15.pdb
499,/wynton/group/sali/mhancock/xray/sample_bench/out/3ca7/51_16/3538030/output_117/pdbs/243.pdb
500,/wynton/group/sali/mhancock/xray/sample_bench/out/3ca7/51_16/3538030/output_763/pdbs/10.pdb
501,/wynton/group/sali/mhancock/xray/sample_bench/out/3ca7/51_16/3538030/output_503/pdbs/11.pdb
502,/wynton/group/sali/mhancock/xray/sample_bench/out/3ca7/51_16/3538030/output_36/pdbs/13.pdb
503,/wynton/group/sali/mhancock/xray/sample_bench/out/3ca7/51_16/3538030/output_49/pdbs/13.pdb
504,/wynton/group/sali/mhancock/xray/sample_bench/out/3ca7/51_16/3538030/output_824/pdbs/10.pdb
505,/wynton/group/sali/mhancock/xray/sample_bench/out/3ca7/51_16/3538030/output_54/pdbs/24.pdb
506,/wynton/group/sali/mhancock/xray/sample_bench/out/3ca7/51_16/3538030/output_363/pdbs/16.pdb
507,/wynton/group/sali/mhancock/xray/sample_bench/out/3ca7/51_16/3538030/output_725/pdbs/11.pdb
508,/wynton/group/sali/mhancock/xray/sample_bench/out/3ca7/51_16/3538030/output_939/pdbs/32.pdb
509,/wynton/group/sali/mhancock/xray/sample_bench/out/3ca7/51_16/3538030/output_262/pdbs/14.pdb
510,/wynton/group/sali/mhancock/xray/sample_bench/out/3ca7/51_16/3538030/output_260/pdbs/12.pdb
511,/wynton/group/sali/mhancock/xray/sample_bench/out/3ca7/51_16/3538030/output_608/pdbs/47.pdb
512,/wynton/group/sali/mhancock/xray/sample_bench/out/3ca7/51_16/3538030/output_137/pdbs/13.pdb
513,/wynton/group/sali/mhancock/xray/sample_bench/out/3ca7/51_16/3538030/output_894/pdbs/14.pdb
514,/wynton/group/sali/mhancock/xray/sample_bench/out/3ca7/51_16/3538030/output_202/pdbs/17.pdb
515,/wynton/group/sali/mhancock/xray/sample_bench/out/3ca7/51_16/3538030/output_290/pdbs/13.pdb
516,/wynton/group/sali/mhancock/xray/sample_bench/out/3ca7/51_16/3538030/output_391/pdbs/16.pdb
517,/wynton/group/sali/mhancock/xray/sample_bench/out/3ca7/51_16/3538030/output_894/pdbs/13.pdb
518,/wynton/group/sali/mhancock/xray/sample_bench/out/3ca7/51_16/3538030/output_106/pdbs/10.pdb
519,/wynton/group/sali/mhancock/xray/sample_bench/out/3ca7/51_16/3538030/output_151/pdbs/10.pdb
520,/wynton/group/sali/mhancock/xray/sample_bench/out/3ca7/51_16/3538030/output_880/pdbs/14.pdb
521,/wynton/group/sali/mhancock/xray/sample_bench/out/3ca7/51_16/3538030/output_406/pdbs/10.pdb
522,/wynton/group/sali/mhancock/xray/sample_bench/out/3ca7/51_16/3538030/output_96/pdbs/12.pdb
523,/wynton/group/sali/mhancock/xray/sample_bench/out/3ca7/51_16/3538030/output_555/pdbs/11.pdb
524,/wynton/group/sali/mhancock/xray/sample_bench/out/3ca7/51_16/3538030/output_587/pdbs/14.pdb
525,/wynton/group/sali/mhancock/xray/sample_bench/out/3ca7/51_16/3538030/output_425/pdbs/11.pdb
526,/wynton/group/sali/mhancock/xray/sample_bench/out/3ca7/51_16/3538030/output_363/pdbs/20.pdb
527,/wynton/group/sali/mhancock/xray/sample_bench/out/3ca7/51_16/3538030/output_939/pdbs/27.pdb
528,/wynton/group/sali/mhancock/xray/sample_bench/out/3ca7/51_16/3538030/output_763/pdbs/13.pdb
529,/wynton/group/sali/mhancock/xray/sample_bench/out/3ca7/51_16/3538030/output_425/pdbs/12.pdb
530,/wynton/group/sali/mhancock/xray/sample_bench/out/3ca7/51_16/3538030/output_770/pdbs/14.pdb
531,/wynton/group/sali/mhancock/xray/sample_bench/out/3ca7/51_16/3538030/output_107/pdbs/12.pdb
532,/wynton/group/sali/mhancock/xray/sample_bench/out/3ca7/51_16/3538030/output_939/pdbs/39.pdb
533,/wynton/group/sali/mhancock/xray/sample_bench/out/3ca7/51_16/3538030/output_278/pdbs/45.pdb
534,/wynton/group/sali/mhancock/xray/sample_bench/out/3ca7/51_16/3538030/output_118/pdbs/14.pdb
535,/wynton/group/sali/mhancock/xray/sample_bench/out/3ca7/51_16/3538030/output_454/pdbs/16.pdb
536,/wynton/group/sali/mhancock/xray/sample_bench/out/3ca7/51_16/3538030/output_68/pdbs/13.pdb
537,/wynton/group/sali/mhancock/xray/sample_bench/out/3ca7/51_16/3538030/output_233/pdbs/11.pdb
538,/wynton/group/sali/mhancock/xray/sample_bench/out/3ca7/51_16/3538030/output_973/pdbs/11.pdb
539,/wynton/group/sali/mhancock/xray/sample_bench/out/3ca7/51_16/3538030/output_792/pdbs/34.pdb
540,/wynton/group/sali/mhancock/xray/sample_bench/out/3ca7/51_16/3538030/output_792/pdbs/24.pdb
541,/wynton/group/sali/mhancock/xray/sample_bench/out/3ca7/51_16/3538030/output_278/pdbs/49.pdb
542,/wynton/group/sali/mhancock/xray/sample_bench/out/3ca7/51_16/3538030/output_193/pdbs/14.pdb
543,/wynton/group/sali/mhancock/xray/sample_bench/out/3ca7/51_16/3538030/output_587/pdbs/12.pdb
544,/wynton/group/sali/mhancock/xray/sample_bench/out/3ca7/51_16/3538030/output_105/pdbs/11.pdb
545,/wynton/group/sali/mhancock/xray/sample_bench/out/3ca7/51_16/3538030/output_540/pdbs/14.pdb
546,/wynton/group/sali/mhancock/xray/sample_bench/out/3ca7/51_16/3538030/output_934/pdbs/11.pdb
547,/wynton/group/sali/mhancock/xray/sample_bench/out/3ca7/51_16/3538030/output_258/pdbs/16.pdb
548,/wynton/group/sali/mhancock/xray/sample_bench/out/3ca7/51_16/3538030/output_953/pdbs/15.pdb
549,/wynton/group/sali/mhancock/xray/sample_bench/out/3ca7/51_16/3538030/output_278/pdbs/50.pdb
550,/wynton/group/sali/mhancock/xray/sample_bench/out/3ca7/51_16/3538030/output_175/pdbs/48.pdb
551,/wynton/group/sali/mhancock/xray/sample_bench/out/3ca7/51_16/3538030/output_5/pdbs/16.pdb
552,/wynton/group/sali/mhancock/xray/sample_bench/out/3ca7/51_16/3538030/output_363/pdbs/23.pdb
553,/wynton/group/sali/mhancock/xray/sample_bench/out/3ca7/51_16/3538030/output_53/pdbs/11.pdb
554,/wynton/group/sali/mhancock/xray/sample_bench/out/3ca7/51_16/3538030/output_989/pdbs/13.pdb
555,/wynton/group/sali/mhancock/xray/sample_bench/out/3ca7/51_16/3538030/output_781/pdbs/11.pdb
556,/wynton/group/sali/mhancock/xray/sample_bench/out/3ca7/51_16/3538030/output_147/pdbs/13.pdb
557,/wynton/group/sali/mhancock/xray/sample_bench/out/3ca7/51_16/3538030/output_232/pdbs/12.pdb
558,/wynton/group/sali/mhancock/xray/sample_bench/out/3ca7/51_16/3538030/output_620/pdbs/13.pdb
559,/wynton/group/sali/mhancock/xray/sample_bench/out/3ca7/51_16/3538030/output_989/pdbs/19.pdb
560,/wynton/group/sali/mhancock/xray/sample_bench/out/3ca7/51_16/3538030/output_466/pdbs/12.pdb
561,/wynton/group/sali/mhancock/xray/sample_bench/out/3ca7/51_16/3538030/output_927/pdbs/157.pdb
562,/wynton/group/sali/mhancock/xray/sample_bench/out/3ca7/51_16/3538030/output_101/pdbs/12.pdb
563,/wynton/group/sali/mhancock/xray/sample_bench/out/3ca7/51_16/3538030/output_554/pdbs/12.pdb
564,/wynton/group/sali/mhancock/xray/sample_bench/out/3ca7/51_16/3538030/output_845/pdbs/31.pdb
565,/wynton/group/sali/mhancock/xray/sample_bench/out/3ca7/51_16/3538030/output_177/pdbs/12.pdb
566,/wynton/group/sali/mhancock/xray/sample_bench/out/3ca7/51_16/3538030/output_839/pdbs/10.pdb
567,/wynton/group/sali/mhancock/xray/sample_bench/out/3ca7/51_16/3538030/output_282/pdbs/12.pdb
568,/wynton/group/sali/mhancock/xray/sample_bench/out/3ca7/51_16/3538030/output_745/pdbs/14.pdb
569,/wynton/group/sali/mhancock/xray/sample_bench/out/3ca7/51_16/3538030/output_769/pdbs/12.pdb
570,/wynton/group/sali/mhancock/xray/sample_bench/out/3ca7/51_16/3538030/output_311/pdbs/13.pdb
571,/wynton/group/sali/mhancock/xray/sample_bench/out/3ca7/51_16/3538030/output_663/pdbs/11.pdb
572,/wynton/group/sali/mhancock/xray/sample_bench/out/3ca7/51_16/3538030/output_154/pdbs/16.pdb
573,/wynton/group/sali/mhancock/xray/sample_bench/out/3ca7/51_16/3538030/output_660/pdbs/11.pdb
574,/wynton/group/sali/mhancock/xray/sample_bench/out/3ca7/51_16/3538030/output_554/pdbs/15.pdb
575,/wynton/group/sali/mhancock/xray/sample_bench/out/3ca7/51_16/3538030/output_325/pdbs/13.pdb
576,/wynton/group/sali/mhancock/xray/sample_bench/out/3ca7/51_16/3538030/output_549/pdbs/17.pdb
577,/wynton/group/sali/mhancock/xray/sample_bench/out/3ca7/51_16/3538030/output_36/pdbs/14.pdb
578,/wynton/group/sali/mhancock/xray/sample_bench/out/3ca7/51_16/3538030/output_329/pdbs/1147.pdb
579,/wynton/group/sali/mhancock/xray/sample_bench/out/3ca7/51_16/3538030/output_232/pdbs/13.pdb
580,/wynton/group/sali/mhancock/xray/sample_bench/out/3ca7/51_16/3538030/output_451/pdbs/10.pdb
581,/wynton/group/sali/mhancock/xray/sample_bench/out/3ca7/51_16/3538030/output_176/pdbs/13.pdb
582,/wynton/group/sali/mhancock/xray/sample_bench/out/3ca7/51_16/3538030/output_308/pdbs/13.pdb
583,/wynton/group/sali/mhancock/xray/sample_bench/out/3ca7/51_16/3538030/output_963/pdbs/12.pdb
584,/wynton/group/sali/mhancock/xray/sample_bench/out/3ca7/51_16/3538030/output_524/pdbs/12.pdb
585,/wynton/group/sali/mhancock/xray/sample_bench/out/3ca7/51_16/3538030/output_502/pdbs/10.pdb
586,/wynton/group/sali/mhancock/xray/sample_bench/out/3ca7/51_16/3538030/output_152/pdbs/14.pdb
587,/wynton/group/sali/mhancock/xray/sample_bench/out/3ca7/51_16/3538030/output_724/pdbs/14.pdb
588,/wynton/group/sali/mhancock/xray/sample_bench/out/3ca7/51_16/3538030/output_175/pdbs/19.pdb
589,/wynton/group/sali/mhancock/xray/sample_bench/out/3ca7/51_16/3538030/output_466/pdbs/13.pdb
590,/wynton/group/sali/mhancock/xray/sample_bench/out/3ca7/51_16/3538030/output_424/pdbs/16.pdb
591,/wynton/group/sali/mhancock/xray/sample_bench/out/3ca7/51_16/3538030/output_29/pdbs/11.pdb
592,/wynton/group/sali/mhancock/xray/sample_bench/out/3ca7/51_16/3538030/output_894/pdbs/10.pdb
593,/wynton/group/sali/mhancock/xray/sample_bench/out/3ca7/51_16/3538030/output_818/pdbs/12.pdb
594,/wynton/group/sali/mhancock/xray/sample_bench/out/3ca7/51_16/3538030/output_553/pdbs/11.pdb
595,/wynton/group/sali/mhancock/xray/sample_bench/out/3ca7/51_16/3538030/output_818/pdbs/15.pdb
596,/wynton/group/sali/mhancock/xray/sample_bench/out/3ca7/51_16/3538030/output_676/pdbs/12.pdb
597,/wynton/group/sali/mhancock/xray/sample_bench/out/3ca7/51_16/3538030/output_628/pdbs/13.pdb
598,/wynton/group/sali/mhancock/xray/sample_bench/out/3ca7/51_16/3538030/output_971/pdbs/11.pdb
599,/wynton/group/sali/mhancock/xray/sample_bench/out/3ca7/51_16/3538030/output_376/pdbs/14.pdb
600,/wynton/group/sali/mhancock/xray/sample_bench/out/3ca7/51_16/3538030/output_558/pdbs/12.pdb
601,/wynton/group/sali/mhancock/xray/sample_bench/out/3ca7/51_16/3538030/output_422/pdbs/20.pdb
602,/wynton/group/sali/mhancock/xray/sample_bench/out/3ca7/51_16/3538030/output_27/pdbs/13.pdb
603,/wynton/group/sali/mhancock/xray/sample_bench/out/3ca7/51_16/3538030/output_416/pdbs/38.pdb
604,/wynton/group/sali/mhancock/xray/sample_bench/out/3ca7/51_16/3538030/output_117/pdbs/239.pdb
605,/wynton/group/sali/mhancock/xray/sample_bench/out/3ca7/51_16/3538030/output_939/pdbs/28.pdb
606,/wynton/group/sali/mhancock/xray/sample_bench/out/3ca7/51_16/3538030/output_917/pdbs/11.pdb
607,/wynton/group/sali/mhancock/xray/sample_bench/out/3ca7/51_16/3538030/output_466/pdbs/11.pdb
608,/wynton/group/sali/mhancock/xray/sample_bench/out/3ca7/51_16/3538030/output_278/pdbs/41.pdb
609,/wynton/group/sali/mhancock/xray/sample_bench/out/3ca7/51_16/3538030/output_829/pdbs/16.pdb
610,/wynton/group/sali/mhancock/xray/sample_bench/out/3ca7/51_16/3538030/output_128/pdbs/15.pdb
611,/wynton/group/sali/mhancock/xray/sample_bench/out/3ca7/51_16/3538030/output_278/pdbs/47.pdb
612,/wynton/group/sali/mhancock/xray/sample_bench/out/3ca7/51_16/3538030/output_402/pdbs/10.pdb
613,/wynton/group/sali/mhancock/xray/sample_bench/out/3ca7/51_16/3538030/output_792/pdbs/31.pdb
614,/wynton/group/sali/mhancock/xray/sample_bench/out/3ca7/51_16/3538030/output_278/pdbs/48.pdb
615,/wynton/group/sali/mhancock/xray/sample_bench/out/3ca7/51_16/3538030/output_818/pdbs/14.pdb
616,/wynton/group/sali/mhancock/xray/sample_bench/out/3ca7/51_16/3538030/output_82/pdbs/13.pdb
617,/wynton/group/sali/mhancock/xray/sample_bench/out/3ca7/51_16/3538030/output_414/pdbs/10.pdb
618,/wynton/group/sali/mhancock/xray/sample_bench/out/3ca7/51_16/3538030/output_28/pdbs/11.pdb
619,/wynton/group/sali/mhancock/xray/sample_bench/out/3ca7/51_16/3538030/output_936/pdbs/11.pdb
620,/wynton/group/sali/mhancock/xray/sample_bench/out/3ca7/51_16/3538030/output_891/pdbs/12.pdb
621,/wynton/group/sali/mhancock/xray/sample_bench/out/3ca7/51_16/3538030/output_49/pdbs/12.pdb
622,/wynton/group/sali/mhancock/xray/sample_bench/out/3ca7/51_16/3538030/output_406/pdbs/12.pdb
623,/wynton/group/sali/mhancock/xray/sample_bench/out/3ca7/51_16/3538030/output_490/pdbs/1147.pdb
624,/wynton/group/sali/mhancock/xray/sample_bench/out/3ca7/51_16/3538030/output_792/pdbs/30.pdb
625,/wynton/group/sali/mhancock/xray/sample_bench/out/3ca7/51_16/3538030/output_970/pdbs/12.pdb
626,/wynton/group/sali/mhancock/xray/sample_bench/out/3ca7/51_16/3538030/output_750/pdbs/13.pdb
627,/wynton/group/sali/mhancock/xray/sample_bench/out/3ca7/51_16/3538030/output_845/pdbs/32.pdb
628,/wynton/group/sali/mhancock/xray/sample_bench/out/3ca7/51_16/3538030/output_321/pdbs/11.pdb
629,/wynton/group/sali/mhancock/xray/sample_bench/out/3ca7/51_16/3538030/output_416/pdbs/42.pdb
630,/wynton/group/sali/mhancock/xray/sample_bench/out/3ca7/51_16/3538030/output_18/pdbs/17.pdb
631,/wynton/group/sali/mhancock/xray/sample_bench/out/3ca7/51_16/3538030/output_490/pdbs/1146.pdb
632,/wynton/group/sali/mhancock/xray/sample_bench/out/3ca7/51_16/3538030/output_907/pdbs/14.pdb
633,/wynton/group/sali/mhancock/xray/sample_bench/out/3ca7/51_16/3538030/output_733/pdbs/14.pdb
634,/wynton/group/sali/mhancock/xray/sample_bench/out/3ca7/51_16/3538030/output_424/pdbs/12.pdb
635,/wynton/group/sali/mhancock/xray/sample_bench/out/3ca7/51_16/3538030/output_329/pdbs/1148.pdb
636,/wynton/group/sali/mhancock/xray/sample_bench/out/3ca7/51_16/3538030/output_862/pdbs/11.pdb
637,/wynton/group/sali/mhancock/xray/sample_bench/out/3ca7/51_16/3538030/output_0/pdbs/13.pdb
638,/wynton/group/sali/mhancock/xray/sample_bench/out/3ca7/51_16/3538030/output_363/pdbs/21.pdb
639,/wynton/group/sali/mhancock/xray/sample_bench/out/3ca7/51_16/3538030/output_862/pdbs/12.pdb
640,/wynton/group/sali/mhancock/xray/sample_bench/out/3ca7/51_16/3538030/output_580/pdbs/14.pdb
641,/wynton/group/sali/mhancock/xray/sample_bench/out/3ca7/51_16/3538030/output_908/pdbs/11.pdb
642,/wynton/group/sali/mhancock/xray/sample_bench/out/3ca7/51_16/3538030/output_769/pdbs/15.pdb
643,/wynton/group/sali/mhancock/xray/sample_bench/out/3ca7/51_16/3538030/output_570/pdbs/11.pdb
644,/wynton/group/sali/mhancock/xray/sample_bench/out/3ca7/51_16/3538030/output_64/pdbs/12.pdb
645,/wynton/group/sali/mhancock/xray/sample_bench/out/3ca7/51_16/3538030/output_361/pdbs/14.pdb
646,/wynton/group/sali/mhancock/xray/sample_bench/out/3ca7/51_16/3538030/output_943/pdbs/12.pdb
647,/wynton/group/sali/mhancock/xray/sample_bench/out/3ca7/51_16/3538030/output_20/pdbs/14.pdb
648,/wynton/group/sali/mhancock/xray/sample_bench/out/3ca7/51_16/3538030/output_343/pdbs/11.pdb
649,/wynton/group/sali/mhancock/xray/sample_bench/out/3ca7/51_16/3538030/output_509/pdbs/12.pdb
650,/wynton/group/sali/mhancock/xray/sample_bench/out/3ca7/51_16/3538030/output_622/pdbs/22.pdb
651,/wynton/group/sali/mhancock/xray/sample_bench/out/3ca7/51_16/3538030/output_720/pdbs/10.pdb
652,/wynton/group/sali/mhancock/xray/sample_bench/out/3ca7/51_16/3538030/output_502/pdbs/11.pdb
653,/wynton/group/sali/mhancock/xray/sample_bench/out/3ca7/51_16/3538030/output_818/pdbs/18.pdb
654,/wynton/group/sali/mhancock/xray/sample_bench/out/3ca7/51_16/3538030/output_910/pdbs/14.pdb
655,/wynton/group/sali/mhancock/xray/sample_bench/out/3ca7/51_16/3538030/output_166/pdbs/31.pdb
656,/wynton/group/sali/mhancock/xray/sample_bench/out/3ca7/51_16/3538030/output_829/pdbs/13.pdb
657,/wynton/group/sali/mhancock/xray/sample_bench/out/3ca7/51_16/3538030/output_894/pdbs/15.pdb
658,/wynton/group/sali/mhancock/xray/sample_bench/out/3ca7/51_16/3538030/output_205/pdbs/15.pdb
659,/wynton/group/sali/mhancock/xray/sample_bench/out/3ca7/51_16/3538030/output_176/pdbs/10.pdb
660,/wynton/group/sali/mhancock/xray/sample_bench/out/3ca7/51_16/3538030/output_995/pdbs/15.pdb
661,/wynton/group/sali/mhancock/xray/sample_bench/out/3ca7/51_16/3538030/output_976/pdbs/11.pdb
662,/wynton/group/sali/mhancock/xray/sample_bench/out/3ca7/51_16/3538030/output_663/pdbs/10.pdb
663,/wynton/group/sali/mhancock/xray/sample_bench/out/3ca7/51_16/3538030/output_505/pdbs/11.pdb
664,/wynton/group/sali/mhancock/xray/sample_bench/out/3ca7/51_16/3538030/output_354/pdbs/10.pdb
665,/wynton/group/sali/mhancock/xray/sample_bench/out/3ca7/51_16/3538030/output_989/pdbs/18.pdb
666,/wynton/group/sali/mhancock/xray/sample_bench/out/3ca7/51_16/3538030/output_120/pdbs/17.pdb
667,/wynton/group/sali/mhancock/xray/sample_bench/out/3ca7/51_16/3538030/output_930/pdbs/23.pdb
668,/wynton/group/sali/mhancock/xray/sample_bench/out/3ca7/51_16/3538030/output_231/pdbs/14.pdb
669,/wynton/group/sali/mhancock/xray/sample_bench/out/3ca7/51_16/3538030/output_614/pdbs/13.pdb
670,/wynton/group/sali/mhancock/xray/sample_bench/out/3ca7/51_16/3538030/output_989/pdbs/14.pdb
671,/wynton/group/sali/mhancock/xray/sample_bench/out/3ca7/51_16/3538030/output_859/pdbs/14.pdb
672,/wynton/group/sali/mhancock/xray/sample_bench/out/3ca7/51_16/3538030/output_378/pdbs/19.pdb
673,/wynton/group/sali/mhancock/xray/sample_bench/out/3ca7/51_16/3538030/output_114/pdbs/10.pdb
674,/wynton/group/sali/mhancock/xray/sample_bench/out/3ca7/51_16/3538030/output_549/pdbs/18.pdb
675,/wynton/group/sali/mhancock/xray/sample_bench/out/3ca7/51_16/3538030/output_416/pdbs/37.pdb
676,/wynton/group/sali/mhancock/xray/sample_bench/out/3ca7/51_16/3538030/output_649/pdbs/13.pdb
677,/wynton/group/sali/mhancock/xray/sample_bench/out/3ca7/51_16/3538030/output_978/pdbs/20.pdb
678,/wynton/group/sali/mhancock/xray/sample_bench/out/3ca7/51_16/3538030/output_3/pdbs/12.pdb
679,/wynton/group/sali/mhancock/xray/sample_bench/out/3ca7/51_16/3538030/output_45/pdbs/10.pdb
680,/wynton/group/sali/mhancock/xray/sample_bench/out/3ca7/51_16/3538030/output_117/pdbs/240.pdb
681,/wynton/group/sali/mhancock/xray/sample_bench/out/3ca7/51_16/3538030/output_614/pdbs/14.pdb
682,/wynton/group/sali/mhancock/xray/sample_bench/out/3ca7/51_16/3538030/output_81/pdbs/17.pdb
683,/wynton/group/sali/mhancock/xray/sample_bench/out/3ca7/51_16/3538030/output_258/pdbs/14.pdb
684,/wynton/group/sali/mhancock/xray/sample_bench/out/3ca7/51_16/3538030/output_183/pdbs/13.pdb
685,/wynton/group/sali/mhancock/xray/sample_bench/out/3ca7/51_16/3538030/output_329/pdbs/1150.pdb
686,/wynton/group/sali/mhancock/xray/sample_bench/out/3ca7/51_16/3538030/output_903/pdbs/14.pdb
687,/wynton/group/sali/mhancock/xray/sample_bench/out/3ca7/51_16/3538030/output_278/pdbs/85.pdb
688,/wynton/group/sali/mhancock/xray/sample_bench/out/3ca7/51_16/3538030/output_636/pdbs/17.pdb
689,/wynton/group/sali/mhancock/xray/sample_bench/out/3ca7/51_16/3538030/output_28/pdbs/13.pdb
690,/wynton/group/sali/mhancock/xray/sample_bench/out/3ca7/51_16/3538030/output_720/pdbs/12.pdb
691,/wynton/group/sali/mhancock/xray/sample_bench/out/3ca7/51_16/3538030/output_676/pdbs/14.pdb
692,/wynton/group/sali/mhancock/xray/sample_bench/out/3ca7/51_16/3538030/output_925/pdbs/11.pdb
693,/wynton/group/sali/mhancock/xray/sample_bench/out/3ca7/51_16/3538030/output_537/pdbs/14.pdb
694,/wynton/group/sali/mhancock/xray/sample_bench/out/3ca7/51_16/3538030/output_327/pdbs/13.pdb
695,/wynton/group/sali/mhancock/xray/sample_bench/out/3ca7/51_16/3538030/output_333/pdbs/13.pdb
696,/wynton/group/sali/mhancock/xray/sample_bench/out/3ca7/51_16/3538030/output_867/pdbs/14.pdb
697,/wynton/group/sali/mhancock/xray/sample_bench/out/3ca7/51_16/3538030/output_710/pdbs/10.pdb
698,/wynton/group/sali/mhancock/xray/sample_bench/out/3ca7/51_16/3538030/output_862/pdbs/13.pdb
699,/wynton/group/sali/mhancock/xray/sample_bench/out/3ca7/51_16/3538030/output_303/pdbs/11.pdb
700,/wynton/group/sali/mhancock/xray/sample_bench/out/3ca7/51_16/3538030/output_630/pdbs/12.pdb
701,/wynton/group/sali/mhancock/xray/sample_bench/out/3ca7/51_16/3538030/output_346/pdbs/10.pdb
702,/wynton/group/sali/mhancock/xray/sample_bench/out/3ca7/51_16/3538030/output_178/pdbs/15.pdb
703,/wynton/group/sali/mhancock/xray/sample_bench/out/3ca7/51_16/3538030/output_771/pdbs/529.pdb
704,/wynton/group/sali/mhancock/xray/sample_bench/out/3ca7/51_16/3538030/output_278/pdbs/38.pdb
705,/wynton/group/sali/mhancock/xray/sample_bench/out/3ca7/51_16/3538030/output_297/pdbs/12.pdb
706,/wynton/group/sali/mhancock/xray/sample_bench/out/3ca7/51_16/3538030/output_122/pdbs/10.pdb
707,/wynton/group/sali/mhancock/xray/sample_bench/out/3ca7/51_16/3538030/output_329/pdbs/1143.pdb
708,/wynton/group/sali/mhancock/xray/sample_bench/out/3ca7/51_16/3538030/output_771/pdbs/532.pdb
709,/wynton/group/sali/mhancock/xray/sample_bench/out/3ca7/51_16/3538030/output_100/pdbs/11.pdb
710,/wynton/group/sali/mhancock/xray/sample_bench/out/3ca7/51_16/3538030/output_503/pdbs/12.pdb
711,/wynton/group/sali/mhancock/xray/sample_bench/out/3ca7/51_16/3538030/output_493/pdbs/16.pdb
712,/wynton/group/sali/mhancock/xray/sample_bench/out/3ca7/51_16/3538030/output_432/pdbs/12.pdb
713,/wynton/group/sali/mhancock/xray/sample_bench/out/3ca7/51_16/3538030/output_18/pdbs/16.pdb
714,/wynton/group/sali/mhancock/xray/sample_bench/out/3ca7/51_16/3538030/output_771/pdbs/520.pdb
715,/wynton/group/sali/mhancock/xray/sample_bench/out/3ca7/51_16/3538030/output_654/pdbs/10.pdb
716,/wynton/group/sali/mhancock/xray/sample_bench/out/3ca7/51_16/3538030/output_490/pdbs/1145.pdb
717,/wynton/group/sali/mhancock/xray/sample_bench/out/3ca7/51_16/3538030/output_853/pdbs/10.pdb
718,/wynton/group/sali/mhancock/xray/sample_bench/out/3ca7/51_16/3538030/output_329/pdbs/1154.pdb
719,/wynton/group/sali/mhancock/xray/sample_bench/out/3ca7/51_16/3538030/output_139/pdbs/12.pdb
720,/wynton/group/sali/mhancock/xray/sample_bench/out/3ca7/51_16/3538030/output_547/pdbs/12.pdb
721,/wynton/group/sali/mhancock/xray/sample_bench/out/3ca7/51_16/3538030/output_243/pdbs/15.pdb
722,/wynton/group/sali/mhancock/xray/sample_bench/out/3ca7/51_16/3538030/output_117/pdbs/241.pdb
723,/wynton/group/sali/mhancock/xray/sample_bench/out/3ca7/51_16/3538030/output_771/pdbs/504.pdb
724,/wynton/group/sali/mhancock/xray/sample_bench/out/3ca7/51_16/3538030/output_608/pdbs/48.pdb
725,/wynton/group/sali/mhancock/xray/sample_bench/out/3ca7/51_16/3538030/output_166/pdbs/30.pdb
726,/wynton/group/sali/mhancock/xray/sample_bench/out/3ca7/51_16/3538030/output_179/pdbs/11.pdb
727,/wynton/group/sali/mhancock/xray/sample_bench/out/3ca7/51_16/3538030/output_329/pdbs/1153.pdb
728,/wynton/group/sali/mhancock/xray/sample_bench/out/3ca7/51_16/3538030/output_329/pdbs/1149.pdb
729,/wynton/group/sali/mhancock/xray/sample_bench/out/3ca7/51_16/3538030/output_135/pdbs/13.pdb
730,/wynton/group/sali/mhancock/xray/sample_bench/out/3ca7/51_16/3538030/output_155/pdbs/11.pdb
731,/wynton/group/sali/mhancock/xray/sample_bench/out/3ca7/51_16/3538030/output_660/pdbs/12.pdb
732,/wynton/group/sali/mhancock/xray/sample_bench/out/3ca7/51_16/3538030/output_817/pdbs/18.pdb
733,/wynton/group/sali/mhancock/xray/sample_bench/out/3ca7/51_16/3538030/output_555/pdbs/12.pdb
734,/wynton/group/sali/mhancock/xray/sample_bench/out/3ca7/51_16/3538030/output_485/pdbs/12.pdb
735,/wynton/group/sali/mhancock/xray/sample_bench/out/3ca7/51_16/3538030/output_644/pdbs/14.pdb
736,/wynton/group/sali/mhancock/xray/sample_bench/out/3ca7/51_16/3538030/output_524/pdbs/13.pdb
737,/wynton/group/sali/mhancock/xray/sample_bench/out/3ca7/51_16/3538030/output_463/pdbs/12.pdb
738,/wynton/group/sali/mhancock/xray/sample_bench/out/3ca7/51_16/3538030/output_518/pdbs/13.pdb
739,/wynton/group/sali/mhancock/xray/sample_bench/out/3ca7/51_16/3538030/output_402/pdbs/15.pdb
740,/wynton/group/sali/mhancock/xray/sample_bench/out/3ca7/51_16/3538030/output_37/pdbs/14.pdb
741,/wynton/group/sali/mhancock/xray/sample_bench/out/3ca7/51_16/3538030/output_696/pdbs/11.pdb
742,/wynton/group/sali/mhancock/xray/sample_bench/out/3ca7/51_16/3538030/output_266/pdbs/11.pdb
743,/wynton/group/sali/mhancock/xray/sample_bench/out/3ca7/51_16/3538030/output_282/pdbs/10.pdb
744,/wynton/group/sali/mhancock/xray/sample_bench/out/3ca7/51_16/3538030/output_771/pdbs/503.pdb
745,/wynton/group/sali/mhancock/xray/sample_bench/out/3ca7/51_16/3538030/output_989/pdbs/15.pdb
746,/wynton/group/sali/mhancock/xray/sample_bench/out/3ca7/51_16/3538030/output_649/pdbs/10.pdb
747,/wynton/group/sali/mhancock/xray/sample_bench/out/3ca7/51_16/3538030/output_539/pdbs/11.pdb
748,/wynton/group/sali/mhancock/xray/sample_bench/out/3ca7/51_16/3538030/output_378/pdbs/18.pdb
749,/wynton/group/sali/mhancock/xray/sample_bench/out/3ca7/51_16/3538030/output_117/pdbs/13.pdb
750,/wynton/group/sali/mhancock/xray/sample_bench/out/3ca7/51_16/3538030/output_333/pdbs/11.pdb
751,/wynton/group/sali/mhancock/xray/sample_bench/out/3ca7/51_16/3538030/output_52/pdbs/16.pdb
752,/wynton/group/sali/mhancock/xray/sample_bench/out/3ca7/51_16/3538030/output_279/pdbs/15.pdb
753,/wynton/group/sali/mhancock/xray/sample_bench/out/3ca7/51_16/3538030/output_387/pdbs/12.pdb
754,/wynton/group/sali/mhancock/xray/sample_bench/out/3ca7/51_16/3538030/output_898/pdbs/17.pdb
755,/wynton/group/sali/mhancock/xray/sample_bench/out/3ca7/51_16/3538030/output_174/pdbs/12.pdb
756,/wynton/group/sali/mhancock/xray/sample_bench/out/3ca7/51_16/3538030/output_329/pdbs/1156.pdb
757,/wynton/group/sali/mhancock/xray/sample_bench/out/3ca7/51_16/3538030/output_329/pdbs/1152.pdb
758,/wynton/group/sali/mhancock/xray/sample_bench/out/3ca7/51_16/3538030/output_361/pdbs/60.pdb
759,/wynton/group/sali/mhancock/xray/sample_bench/out/3ca7/51_16/3538030/output_984/pdbs/15.pdb
760,/wynton/group/sali/mhancock/xray/sample_bench/out/3ca7/51_16/3538030/output_278/pdbs/44.pdb
761,/wynton/group/sali/mhancock/xray/sample_bench/out/3ca7/51_16/3538030/output_110/pdbs/21.pdb
762,/wynton/group/sali/mhancock/xray/sample_bench/out/3ca7/51_16/3538030/output_930/pdbs/15.pdb
763,/wynton/group/sali/mhancock/xray/sample_bench/out/3ca7/51_16/3538030/output_932/pdbs/21.pdb
764,/wynton/group/sali/mhancock/xray/sample_bench/out/3ca7/51_16/3538030/output_99/pdbs/14.pdb
765,/wynton/group/sali/mhancock/xray/sample_bench/out/3ca7/51_16/3538030/output_139/pdbs/13.pdb
766,/wynton/group/sali/mhancock/xray/sample_bench/out/3ca7/51_16/3538030/output_329/pdbs/1144.pdb
767,/wynton/group/sali/mhancock/xray/sample_bench/out/3ca7/51_16/3538030/output_258/pdbs/13.pdb
768,/wynton/group/sali/mhancock/xray/sample_bench/out/3ca7/51_16/3538030/output_970/pdbs/10.pdb
769,/wynton/group/sali/mhancock/xray/sample_bench/out/3ca7/51_16/3538030/output_52/pdbs/17.pdb
770,/wynton/group/sali/mhancock/xray/sample_bench/out/3ca7/51_16/3538030/output_304/pdbs/33.pdb
771,/wynton/group/sali/mhancock/xray/sample_bench/out/3ca7/51_16/3538030/output_792/pdbs/29.pdb
772,/wynton/group/sali/mhancock/xray/sample_bench/out/3ca7/51_16/3538030/output_675/pdbs/10.pdb
773,/wynton/group/sali/mhancock/xray/sample_bench/out/3ca7/51_16/3538030/output_413/pdbs/15.pdb
774,/wynton/group/sali/mhancock/xray/sample_bench/out/3ca7/51_16/3538030/output_802/pdbs/11.pdb
775,/wynton/group/sali/mhancock/xray/sample_bench/out/3ca7/51_16/3538030/output_955/pdbs/56.pdb
776,/wynton/group/sali/mhancock/xray/sample_bench/out/3ca7/51_16/3538030/output_636/pdbs/16.pdb
777,/wynton/group/sali/mhancock/xray/sample_bench/out/3ca7/51_16/3538030/output_824/pdbs/11.pdb
778,/wynton/group/sali/mhancock/xray/sample_bench/out/3ca7/51_16/3538030/output_733/pdbs/13.pdb
779,/wynton/group/sali/mhancock/xray/sample_bench/out/3ca7/51_16/3538030/output_117/pdbs/15.pdb
780,/wynton/group/sali/mhancock/xray/sample_bench/out/3ca7/51_16/3538030/output_923/pdbs/40.pdb
781,/wynton/group/sali/mhancock/xray/sample_bench/out/3ca7/51_16/3538030/output_329/pdbs/1145.pdb
782,/wynton/group/sali/mhancock/xray/sample_bench/out/3ca7/51_16/3538030/output_49/pdbs/11.pdb
783,/wynton/group/sali/mhancock/xray/sample_bench/out/3ca7/51_16/3538030/output_718/pdbs/15.pdb
784,/wynton/group/sali/mhancock/xray/sample_bench/out/3ca7/51_16/3538030/output_910/pdbs/13.pdb
785,/wynton/group/sali/mhancock/xray/sample_bench/out/3ca7/51_16/3538030/output_650/pdbs/13.pdb
786,/wynton/group/sali/mhancock/xray/sample_bench/out/3ca7/51_16/3538030/output_636/pdbs/19.pdb
787,/wynton/group/sali/mhancock/xray/sample_bench/out/3ca7/51_16/3538030/output_345/pdbs/11.pdb
788,/wynton/group/sali/mhancock/xray/sample_bench/out/3ca7/51_16/3538030/output_687/pdbs/39.pdb
789,/wynton/group/sali/mhancock/xray/sample_bench/out/3ca7/51_16/3538030/output_279/pdbs/11.pdb
790,/wynton/group/sali/mhancock/xray/sample_bench/out/3ca7/51_16/3538030/output_992/pdbs/29.pdb
791,/wynton/group/sali/mhancock/xray/sample_bench/out/3ca7/51_16/3538030/output_932/pdbs/43.pdb
792,/wynton/group/sali/mhancock/xray/sample_bench/out/3ca7/51_16/3538030/output_153/pdbs/17.pdb
793,/wynton/group/sali/mhancock/xray/sample_bench/out/3ca7/51_16/3538030/output_110/pdbs/22.pdb
794,/wynton/group/sali/mhancock/xray/sample_bench/out/3ca7/51_16/3538030/output_128/pdbs/19.pdb
795,/wynton/group/sali/mhancock/xray/sample_bench/out/3ca7/51_16/3538030/output_228/pdbs/11.pdb
796,/wynton/group/sali/mhancock/xray/sample_bench/out/3ca7/51_16/3538030/output_251/pdbs/13.pdb
797,/wynton/group/sali/mhancock/xray/sample_bench/out/3ca7/51_16/3538030/output_454/pdbs/14.pdb
798,/wynton/group/sali/mhancock/xray/sample_bench/out/3ca7/51_16/3538030/output_894/pdbs/17.pdb
799,/wynton/group/sali/mhancock/xray/sample_bench/out/3ca7/51_16/3538030/output_105/pdbs/10.pdb
800,/wynton/group/sali/mhancock/xray/sample_bench/out/3ca7/51_16/3538030/output_144/pdbs/10.pdb
801,/wynton/group/sali/mhancock/xray/sample_bench/out/3ca7/51_16/3538030/output_406/pdbs/11.pdb
802,/wynton/group/sali/mhancock/xray/sample_bench/out/3ca7/51_16/3538030/output_81/pdbs/12.pdb
803,/wynton/group/sali/mhancock/xray/sample_bench/out/3ca7/51_16/3538030/output_771/pdbs/601.pdb
804,/wynton/group/sali/mhancock/xray/sample_bench/out/3ca7/51_16/3538030/output_636/pdbs/15.pdb
805,/wynton/group/sali/mhancock/xray/sample_bench/out/3ca7/51_16/3538030/output_580/pdbs/13.pdb
806,/wynton/group/sali/mhancock/xray/sample_bench/out/3ca7/51_16/3538030/output_771/pdbs/600.pdb
807,/wynton/group/sali/mhancock/xray/sample_bench/out/3ca7/51_16/3538030/output_976/pdbs/12.pdb
808,/wynton/group/sali/mhancock/xray/sample_bench/out/3ca7/51_16/3538030/output_771/pdbs/533.pdb
809,/wynton/group/sali/mhancock/xray/sample_bench/out/3ca7/51_16/3538030/output_85/pdbs/12.pdb
810,/wynton/group/sali/mhancock/xray/sample_bench/out/3ca7/51_16/3538030/output_989/pdbs/11.pdb
811,/wynton/group/sali/mhancock/xray/sample_bench/out/3ca7/51_16/3538030/output_151/pdbs/13.pdb
812,/wynton/group/sali/mhancock/xray/sample_bench/out/3ca7/51_16/3538030/output_690/pdbs/14.pdb
813,/wynton/group/sali/mhancock/xray/sample_bench/out/3ca7/51_16/3538030/output_657/pdbs/10.pdb
814,/wynton/group/sali/mhancock/xray/sample_bench/out/3ca7/51_16/3538030/output_767/pdbs/20.pdb
815,/wynton/group/sali/mhancock/xray/sample_bench/out/3ca7/51_16/3538030/output_844/pdbs/13.pdb
816,/wynton/group/sali/mhancock/xray/sample_bench/out/3ca7/51_16/3538030/output_82/pdbs/12.pdb
817,/wynton/group/sali/mhancock/xray/sample_bench/out/3ca7/51_16/3538030/output_771/pdbs/554.pdb
818,/wynton/group/sali/mhancock/xray/sample_bench/out/3ca7/51_16/3538030/output_620/pdbs/31.pdb
819,/wynton/group/sali/mhancock/xray/sample_bench/out/3ca7/51_16/3538030/output_784/pdbs/15.pdb
820,/wynton/group/sali/mhancock/xray/sample_bench/out/3ca7/51_16/3538030/output_818/pdbs/19.pdb
821,/wynton/group/sali/mhancock/xray/sample_bench/out/3ca7/51_16/3538030/output_687/pdbs/38.pdb
822,/wynton/group/sali/mhancock/xray/sample_bench/out/3ca7/51_16/3538030/output_36/pdbs/10.pdb
823,/wynton/group/sali/mhancock/xray/sample_bench/out/3ca7/51_16/3538030/output_175/pdbs/12.pdb
824,/wynton/group/sali/mhancock/xray/sample_bench/out/3ca7/51_16/3538030/output_326/pdbs/16.pdb
825,/wynton/group/sali/mhancock/xray/sample_bench/out/3ca7/51_16/3538030/output_158/pdbs/28.pdb
826,/wynton/group/sali/mhancock/xray/sample_bench/out/3ca7/51_16/3538030/output_422/pdbs/21.pdb
827,/wynton/group/sali/mhancock/xray/sample_bench/out/3ca7/51_16/3538030/output_297/pdbs/11.pdb
828,/wynton/group/sali/mhancock/xray/sample_bench/out/3ca7/51_16/3538030/output_657/pdbs/14.pdb
829,/wynton/group/sali/mhancock/xray/sample_bench/out/3ca7/51_16/3538030/output_593/pdbs/11.pdb
830,/wynton/group/sali/mhancock/xray/sample_bench/out/3ca7/51_16/3538030/output_934/pdbs/12.pdb
831,/wynton/group/sali/mhancock/xray/sample_bench/out/3ca7/51_16/3538030/output_930/pdbs/22.pdb
832,/wynton/group/sali/mhancock/xray/sample_bench/out/3ca7/51_16/3538030/output_560/pdbs/13.pdb
833,/wynton/group/sali/mhancock/xray/sample_bench/out/3ca7/51_16/3538030/output_54/pdbs/25.pdb
834,/wynton/group/sali/mhancock/xray/sample_bench/out/3ca7/51_16/3538030/output_480/pdbs/12.pdb
835,/wynton/group/sali/mhancock/xray/sample_bench/out/3ca7/51_16/3538030/output_579/pdbs/11.pdb
836,/wynton/group/sali/mhancock/xray/sample_bench/out/3ca7/51_16/3538030/output_771/pdbs/599.pdb
837,/wynton/group/sali/mhancock/xray/sample_bench/out/3ca7/51_16/3538030/output_846/pdbs/11.pdb
838,/wynton/group/sali/mhancock/xray/sample_bench/out/3ca7/51_16/3538030/output_193/pdbs/13.pdb
839,/wynton/group/sali/mhancock/xray/sample_bench/out/3ca7/51_16/3538030/output_240/pdbs/13.pdb
840,/wynton/group/sali/mhancock/xray/sample_bench/out/3ca7/51_16/3538030/output_490/pdbs/1142.pdb
841,/wynton/group/sali/mhancock/xray/sample_bench/out/3ca7/51_16/3538030/output_215/pdbs/13.pdb
842,/wynton/group/sali/mhancock/xray/sample_bench/out/3ca7/51_16/3538030/output_672/pdbs/11.pdb
843,/wynton/group/sali/mhancock/xray/sample_bench/out/3ca7/51_16/3538030/output_329/pdbs/1140.pdb
844,/wynton/group/sali/mhancock/xray/sample_bench/out/3ca7/51_16/3538030/output_147/pdbs/10.pdb
845,/wynton/group/sali/mhancock/xray/sample_bench/out/3ca7/51_16/3538030/output_208/pdbs/15.pdb
846,/wynton/group/sali/mhancock/xray/sample_bench/out/3ca7/51_16/3538030/output_771/pdbs/598.pdb
847,/wynton/group/sali/mhancock/xray/sample_bench/out/3ca7/51_16/3538030/output_789/pdbs/13.pdb
848,/wynton/group/sali/mhancock/xray/sample_bench/out/3ca7/51_16/3538030/output_733/pdbs/15.pdb
849,/wynton/group/sali/mhancock/xray/sample_bench/out/3ca7/51_16/3538030/output_357/pdbs/16.pdb
850,/wynton/group/sali/mhancock/xray/sample_bench/out/3ca7/51_16/3538030/output_931/pdbs/11.pdb
851,/wynton/group/sali/mhancock/xray/sample_bench/out/3ca7/51_16/3538030/output_252/pdbs/18.pdb
852,/wynton/group/sali/mhancock/xray/sample_bench/out/3ca7/51_16/3538030/output_771/pdbs/534.pdb
853,/wynton/group/sali/mhancock/xray/sample_bench/out/3ca7/51_16/3538030/output_523/pdbs/11.pdb
854,/wynton/group/sali/mhancock/xray/sample_bench/out/3ca7/51_16/3538030/output_510/pdbs/10.pdb
855,/wynton/group/sali/mhancock/xray/sample_bench/out/3ca7/51_16/3538030/output_941/pdbs/14.pdb
856,/wynton/group/sali/mhancock/xray/sample_bench/out/3ca7/51_16/3538030/output_539/pdbs/12.pdb
857,/wynton/group/sali/mhancock/xray/sample_bench/out/3ca7/51_16/3538030/output_854/pdbs/14.pdb
858,/wynton/group/sali/mhancock/xray/sample_bench/out/3ca7/51_16/3538030/output_539/pdbs/10.pdb
859,/wynton/group/sali/mhancock/xray/sample_bench/out/3ca7/51_16/3538030/output_442/pdbs/10.pdb
860,/wynton/group/sali/mhancock/xray/sample_bench/out/3ca7/51_16/3538030/output_852/pdbs/12.pdb
861,/wynton/group/sali/mhancock/xray/sample_bench/out/3ca7/51_16/3538030/output_12/pdbs/13.pdb
862,/wynton/group/sali/mhancock/xray/sample_bench/out/3ca7/51_16/3538030/output_587/pdbs/15.pdb
863,/wynton/group/sali/mhancock/xray/sample_bench/out/3ca7/51_16/3538030/output_329/pdbs/1141.pdb
864,/wynton/group/sali/mhancock/xray/sample_bench/out/3ca7/51_16/3538030/output_771/pdbs/553.pdb
865,/wynton/group/sali/mhancock/xray/sample_bench/out/3ca7/51_16/3538030/output_208/pdbs/14.pdb
866,/wynton/group/sali/mhancock/xray/sample_bench/out/3ca7/51_16/3538030/output_692/pdbs/12.pdb
867,/wynton/group/sali/mhancock/xray/sample_bench/out/3ca7/51_16/3538030/output_738/pdbs/10.pdb
868,/wynton/group/sali/mhancock/xray/sample_bench/out/3ca7/51_16/3538030/output_329/pdbs/1146.pdb
869,/wynton/group/sali/mhancock/xray/sample_bench/out/3ca7/51_16/3538030/output_97/pdbs/15.pdb
870,/wynton/group/sali/mhancock/xray/sample_bench/out/3ca7/51_16/3538030/output_698/pdbs/10.pdb
871,/wynton/group/sali/mhancock/xray/sample_bench/out/3ca7/51_16/3538030/output_105/pdbs/13.pdb
872,/wynton/group/sali/mhancock/xray/sample_bench/out/3ca7/51_16/3538030/output_252/pdbs/23.pdb
873,/wynton/group/sali/mhancock/xray/sample_bench/out/3ca7/51_16/3538030/output_831/pdbs/12.pdb
874,/wynton/group/sali/mhancock/xray/sample_bench/out/3ca7/51_16/3538030/output_208/pdbs/12.pdb
875,/wynton/group/sali/mhancock/xray/sample_bench/out/3ca7/51_16/3538030/output_416/pdbs/35.pdb
876,/wynton/group/sali/mhancock/xray/sample_bench/out/3ca7/51_16/3538030/output_446/pdbs/13.pdb
877,/wynton/group/sali/mhancock/xray/sample_bench/out/3ca7/51_16/3538030/output_997/pdbs/10.pdb
878,/wynton/group/sali/mhancock/xray/sample_bench/out/3ca7/51_16/3538030/output_133/pdbs/33.pdb
879,/wynton/group/sali/mhancock/xray/sample_bench/out/3ca7/51_16/3538030/output_329/pdbs/1142.pdb
880,/wynton/group/sali/mhancock/xray/sample_bench/out/3ca7/51_16/3538030/output_105/pdbs/14.pdb
881,/wynton/group/sali/mhancock/xray/sample_bench/out/3ca7/51_16/3538030/output_964/pdbs/12.pdb
882,/wynton/group/sali/mhancock/xray/sample_bench/out/3ca7/51_16/3538030/output_471/pdbs/14.pdb
883,/wynton/group/sali/mhancock/xray/sample_bench/out/3ca7/51_16/3538030/output_486/pdbs/17.pdb
884,/wynton/group/sali/mhancock/xray/sample_bench/out/3ca7/51_16/3538030/output_771/pdbs/530.pdb
885,/wynton/group/sali/mhancock/xray/sample_bench/out/3ca7/51_16/3538030/output_968/pdbs/11.pdb
886,/wynton/group/sali/mhancock/xray/sample_bench/out/3ca7/51_16/3538030/output_426/pdbs/13.pdb
887,/wynton/group/sali/mhancock/xray/sample_bench/out/3ca7/51_16/3538030/output_329/pdbs/1157.pdb
888,/wynton/group/sali/mhancock/xray/sample_bench/out/3ca7/51_16/3538030/output_476/pdbs/11.pdb
889,/wynton/group/sali/mhancock/xray/sample_bench/out/3ca7/51_16/3538030/output_580/pdbs/10.pdb
890,/wynton/group/sali/mhancock/xray/sample_bench/out/3ca7/51_16/3538030/output_580/pdbs/28.pdb
891,/wynton/group/sali/mhancock/xray/sample_bench/out/3ca7/51_16/3538030/output_469/pdbs/10.pdb
892,/wynton/group/sali/mhancock/xray/sample_bench/out/3ca7/51_16/3538030/output_310/pdbs/14.pdb
893,/wynton/group/sali/mhancock/xray/sample_bench/out/3ca7/51_16/3538030/output_329/pdbs/1151.pdb
894,/wynton/group/sali/mhancock/xray/sample_bench/out/3ca7/51_16/3538030/output_771/pdbs/535.pdb
895,/wynton/group/sali/mhancock/xray/sample_bench/out/3ca7/51_16/3538030/output_957/pdbs/14.pdb
896,/wynton/group/sali/mhancock/xray/sample_bench/out/3ca7/51_16/3538030/output_139/pdbs/11.pdb
897,/wynton/group/sali/mhancock/xray/sample_bench/out/3ca7/51_16/3538030/output_5/pdbs/10.pdb
898,/wynton/group/sali/mhancock/xray/sample_bench/out/3ca7/51_16/3538030/output_476/pdbs/10.pdb
899,/wynton/group/sali/mhancock/xray/sample_bench/out/3ca7/51_16/3538030/output_771/pdbs/521.pdb
900,/wynton/group/sali/mhancock/xray/sample_bench/out/3ca7/51_16/3538030/output_859/pdbs/10.pdb
901,/wynton/group/sali/mhancock/xray/sample_bench/out/3ca7/51_16/3538030/output_862/pdbs/15.pdb
902,/wynton/group/sali/mhancock/xray/sample_bench/out/3ca7/51_16/3538030/output_183/pdbs/14.pdb
903,/wynton/group/sali/mhancock/xray/sample_bench/out/3ca7/51_16/3538030/output_561/pdbs/16.pdb
904,/wynton/group/sali/mhancock/xray/sample_bench/out/3ca7/51_16/3538030/output_206/pdbs/15.pdb
905,/wynton/group/sali/mhancock/xray/sample_bench/out/3ca7/51_16/3538030/output_836/pdbs/11.pdb
906,/wynton/group/sali/mhancock/xray/sample_bench/out/3ca7/51_16/3538030/output_593/pdbs/10.pdb
907,/wynton/group/sali/mhancock/xray/sample_bench/out/3ca7/51_16/3538030/output_289/pdbs/14.pdb
908,/wynton/group/sali/mhancock/xray/sample_bench/out/3ca7/51_16/3538030/output_771/pdbs/602.pdb
909,/wynton/group/sali/mhancock/xray/sample_bench/out/3ca7/51_16/3538030/output_829/pdbs/10.pdb
910,/wynton/group/sali/mhancock/xray/sample_bench/out/3ca7/51_16/3538030/output_37/pdbs/15.pdb
911,/wynton/group/sali/mhancock/xray/sample_bench/out/3ca7/51_16/3538030/output_321/pdbs/10.pdb
912,/wynton/group/sali/mhancock/xray/sample_bench/out/3ca7/51_16/3538030/output_36/pdbs/15.pdb
913,/wynton/group/sali/mhancock/xray/sample_bench/out/3ca7/51_16/3538030/output_676/pdbs/11.pdb
914,/wynton/group/sali/mhancock/xray/sample_bench/out/3ca7/51_16/3538030/output_454/pdbs/11.pdb
915,/wynton/group/sali/mhancock/xray/sample_bench/out/3ca7/51_16/3538030/output_127/pdbs/11.pdb
916,/wynton/group/sali/mhancock/xray/sample_bench/out/3ca7/51_16/3538030/output_268/pdbs/17.pdb
917,/wynton/group/sali/mhancock/xray/sample_bench/out/3ca7/51_16/3538030/output_771/pdbs/552.pdb
918,/wynton/group/sali/mhancock/xray/sample_bench/out/3ca7/51_16/3538030/output_334/pdbs/14.pdb
919,/wynton/group/sali/mhancock/xray/sample_bench/out/3ca7/51_16/3538030/output_384/pdbs/23.pdb
920,/wynton/group/sali/mhancock/xray/sample_bench/out/3ca7/51_16/3538030/output_178/pdbs/11.pdb
921,/wynton/group/sali/mhancock/xray/sample_bench/out/3ca7/51_16/3538030/output_117/pdbs/238.pdb
922,/wynton/group/sali/mhancock/xray/sample_bench/out/3ca7/51_16/3538030/output_789/pdbs/11.pdb
923,/wynton/group/sali/mhancock/xray/sample_bench/out/3ca7/51_16/3538030/output_982/pdbs/13.pdb
924,/wynton/group/sali/mhancock/xray/sample_bench/out/3ca7/51_16/3538030/output_636/pdbs/11.pdb
925,/wynton/group/sali/mhancock/xray/sample_bench/out/3ca7/51_16/3538030/output_771/pdbs/555.pdb
926,/wynton/group/sali/mhancock/xray/sample_bench/out/3ca7/51_16/3538030/output_680/pdbs/26.pdb
927,/wynton/group/sali/mhancock/xray/sample_bench/out/3ca7/51_16/3538030/output_771/pdbs/505.pdb
928,/wynton/group/sali/mhancock/xray/sample_bench/out/3ca7/51_16/3538030/output_879/pdbs/14.pdb
929,/wynton/group/sali/mhancock/xray/sample_bench/out/3ca7/51_16/3538030/output_64/pdbs/11.pdb
930,/wynton/group/sali/mhancock/xray/sample_bench/out/3ca7/51_16/3538030/output_931/pdbs/12.pdb
931,/wynton/group/sali/mhancock/xray/sample_bench/out/3ca7/51_16/3538030/output_447/pdbs/14.pdb
932,/wynton/group/sali/mhancock/xray/sample_bench/out/3ca7/51_16/3538030/output_114/pdbs/15.pdb
933,/wynton/group/sali/mhancock/xray/sample_bench/out/3ca7/51_16/3538030/output_927/pdbs/156.pdb
934,/wynton/group/sali/mhancock/xray/sample_bench/out/3ca7/51_16/3538030/output_316/pdbs/14.pdb
935,/wynton/group/sali/mhancock/xray/sample_bench/out/3ca7/51_16/3538030/output_792/pdbs/33.pdb
936,/wynton/group/sali/mhancock/xray/sample_bench/out/3ca7/51_16/3538030/output_939/pdbs/30.pdb
937,/wynton/group/sali/mhancock/xray/sample_bench/out/3ca7/51_16/3538030/output_460/pdbs/11.pdb
938,/wynton/group/sali/mhancock/xray/sample_bench/out/3ca7/51_16/3538030/output_422/pdbs/26.pdb
939,/wynton/group/sali/mhancock/xray/sample_bench/out/3ca7/51_16/3538030/output_792/pdbs/35.pdb
940,/wynton/group/sali/mhancock/xray/sample_bench/out/3ca7/51_16/3538030/output_428/pdbs/13.pdb
941,/wynton/group/sali/mhancock/xray/sample_bench/out/3ca7/51_16/3538030/output_792/pdbs/36.pdb
942,/wynton/group/sali/mhancock/xray/sample_bench/out/3ca7/51_16/3538030/output_101/pdbs/13.pdb
943,/wynton/group/sali/mhancock/xray/sample_bench/out/3ca7/51_16/3538030/output_905/pdbs/19.pdb
944,/wynton/group/sali/mhancock/xray/sample_bench/out/3ca7/51_16/3538030/output_523/pdbs/12.pdb
945,/wynton/group/sali/mhancock/xray/sample_bench/out/3ca7/51_16/3538030/output_158/pdbs/32.pdb
946,/wynton/group/sali/mhancock/xray/sample_bench/out/3ca7/51_16/3538030/output_306/pdbs/11.pdb
947,/wynton/group/sali/mhancock/xray/sample_bench/out/3ca7/51_16/3538030/output_575/pdbs/15.pdb
948,/wynton/group/sali/mhancock/xray/sample_bench/out/3ca7/51_16/3538030/output_797/pdbs/17.pdb
949,/wynton/group/sali/mhancock/xray/sample_bench/out/3ca7/51_16/3538030/output_471/pdbs/15.pdb
950,/wynton/group/sali/mhancock/xray/sample_bench/out/3ca7/51_16/3538030/output_230/pdbs/10.pdb
951,/wynton/group/sali/mhancock/xray/sample_bench/out/3ca7/51_16/3538030/output_522/pdbs/10.pdb
952,/wynton/group/sali/mhancock/xray/sample_bench/out/3ca7/51_16/3538030/output_732/pdbs/12.pdb
953,/wynton/group/sali/mhancock/xray/sample_bench/out/3ca7/51_16/3538030/output_361/pdbs/16.pdb
954,/wynton/group/sali/mhancock/xray/sample_bench/out/3ca7/51_16/3538030/output_391/pdbs/14.pdb
955,/wynton/group/sali/mhancock/xray/sample_bench/out/3ca7/51_16/3538030/output_891/pdbs/15.pdb
956,/wynton/group/sali/mhancock/xray/sample_bench/out/3ca7/51_16/3538030/output_428/pdbs/11.pdb
957,/wynton/group/sali/mhancock/xray/sample_bench/out/3ca7/51_16/3538030/output_982/pdbs/12.pdb
958,/wynton/group/sali/mhancock/xray/sample_bench/out/3ca7/51_16/3538030/output_435/pdbs/11.pdb
959,/wynton/group/sali/mhancock/xray/sample_bench/out/3ca7/51_16/3538030/output_157/pdbs/12.pdb
960,/wynton/group/sali/mhancock/xray/sample_bench/out/3ca7/51_16/3538030/output_384/pdbs/31.pdb
961,/wynton/group/sali/mhancock/xray/sample_bench/out/3ca7/51_16/3538030/output_934/pdbs/13.pdb
962,/wynton/group/sali/mhancock/xray/sample_bench/out/3ca7/51_16/3538030/output_290/pdbs/11.pdb
963,/wynton/group/sali/mhancock/xray/sample_bench/out/3ca7/51_16/3538030/output_989/pdbs/17.pdb
964,/wynton/group/sali/mhancock/xray/sample_bench/out/3ca7/51_16/3538030/output_194/pdbs/16.pdb
965,/wynton/group/sali/mhancock/xray/sample_bench/out/3ca7/51_16/3538030/output_335/pdbs/11.pdb
966,/wynton/group/sali/mhancock/xray/sample_bench/out/3ca7/51_16/3538030/output_443/pdbs/11.pdb
967,/wynton/group/sali/mhancock/xray/sample_bench/out/3ca7/51_16/3538030/output_945/pdbs/11.pdb
968,/wynton/group/sali/mhancock/xray/sample_bench/out/3ca7/51_16/3538030/output_541/pdbs/10.pdb
969,/wynton/group/sali/mhancock/xray/sample_bench/out/3ca7/51_16/3538030/output_382/pdbs/19.pdb
970,/wynton/group/sali/mhancock/xray/sample_bench/out/3ca7/51_16/3538030/output_109/pdbs/15.pdb
971,/wynton/group/sali/mhancock/xray/sample_bench/out/3ca7/51_16/3538030/output_765/pdbs/10.pdb
972,/wynton/group/sali/mhancock/xray/sample_bench/out/3ca7/51_16/3538030/output_693/pdbs/12.pdb
973,/wynton/group/sali/mhancock/xray/sample_bench/out/3ca7/51_16/3538030/output_733/pdbs/12.pdb
974,/wynton/group/sali/mhancock/xray/sample_bench/out/3ca7/51_16/3538030/output_106/pdbs/15.pdb
975,/wynton/group/sali/mhancock/xray/sample_bench/out/3ca7/51_16/3538030/output_926/pdbs/11.pdb
976,/wynton/group/sali/mhancock/xray/sample_bench/out/3ca7/51_16/3538030/output_316/pdbs/12.pdb
977,/wynton/group/sali/mhancock/xray/sample_bench/out/3ca7/51_16/3538030/output_832/pdbs/12.pdb
978,/wynton/group/sali/mhancock/xray/sample_bench/out/3ca7/51_16/3538030/output_243/pdbs/11.pdb
979,/wynton/group/sali/mhancock/xray/sample_bench/out/3ca7/51_16/3538030/output_148/pdbs/25.pdb
980,/wynton/group/sali/mhancock/xray/sample_bench/out/3ca7/51_16/3538030/output_675/pdbs/12.pdb
981,/wynton/group/sali/mhancock/xray/sample_bench/out/3ca7/51_16/3538030/output_490/pdbs/1150.pdb
982,/wynton/group/sali/mhancock/xray/sample_bench/out/3ca7/51_16/3538030/output_264/pdbs/13.pdb
983,/wynton/group/sali/mhancock/xray/sample_bench/out/3ca7/51_16/3538030/output_757/pdbs/10.pdb
984,/wynton/group/sali/mhancock/xray/sample_bench/out/3ca7/51_16/3538030/output_867/pdbs/13.pdb
985,/wynton/group/sali/mhancock/xray/sample_bench/out/3ca7/51_16/3538030/output_490/pdbs/1144.pdb
986,/wynton/group/sali/mhancock/xray/sample_bench/out/3ca7/51_16/3538030/output_466/pdbs/16.pdb
987,/wynton/group/sali/mhancock/xray/sample_bench/out/3ca7/51_16/3538030/output_490/pdbs/1148.pdb
988,/wynton/group/sali/mhancock/xray/sample_bench/out/3ca7/51_16/3538030/output_456/pdbs/11.pdb
989,/wynton/group/sali/mhancock/xray/sample_bench/out/3ca7/51_16/3538030/output_582/pdbs/11.pdb
990,/wynton/group/sali/mhancock/xray/sample_bench/out/3ca7/51_16/3538030/output_317/pdbs/10.pdb
991,/wynton/group/sali/mhancock/xray/sample_bench/out/3ca7/51_16/3538030/output_645/pdbs/11.pdb
992,/wynton/group/sali/mhancock/xray/sample_bench/out/3ca7/51_16/3538030/output_27/pdbs/12.pdb
993,/wynton/group/sali/mhancock/xray/sample_bench/out/3ca7/51_16/3538030/output_115/pdbs/10.pdb
994,/wynton/group/sali/mhancock/xray/sample_bench/out/3ca7/51_16/3538030/output_779/pdbs/15.pdb
995,/wynton/group/sali/mhancock/xray/sample_bench/out/3ca7/51_16/3538030/output_329/pdbs/1155.pdb
996,/wynton/group/sali/mhancock/xray/sample_bench/out/3ca7/51_16/3538030/output_509/pdbs/14.pdb
997,/wynton/group/sali/mhancock/xray/sample_bench/out/3ca7/51_16/3538030/output_771/pdbs/531.pdb
998,/wynton/group/sali/mhancock/xray/sample_bench/out/3ca7/51_16/3538030/output_168/pdbs/11.pdb
999,/wynton/group/sali/mhancock/xray/sample_bench/out/3ca7/51_16/3538030/output_490/pdbs/1138.pdb
